:020000040800F2
:100000000000012075270008D1240008D72400082B
:10001000DD240008E3240008E924000800000000B3
:1000200000000000000000000000000021B80008EF
:10003000EF2400080000000071BA0008C585000820
:10004000C5270008C5270008C5270008C5270008E0
:10005000C5270008C5270008C5270008C5270008D0
:10006000C5270008C5270008C5270008C5270008C0
:10007000C5270008C5270008C5270008C5270008B0
:10008000FD24000811250008C52700080000000015
:10009000000000000000000000000000C52700086C
:1000A000C5270008C5270008C5270008C527000880
:1000B0002525000839250008C5270008C5270008A0
:1000C000C5270008C5270008C5270008C527000860
:1000D000C52700084D250008612500080000000024
:1000E000C5270008C5270008C52700080000000034
:1000F000000000000000000000000000C52700080C
:1001000000000000C5270008C5270008C527000813
:1001100000000000000000000000000000000000DF
:10012000C527000875250008C5270008C527000851
:10013000C5270008000000000000000000000000CB
:10014000000000000000000000000000C5270008BB
:10015000892500089D250008C5270008B12500084D
:10016000C5270008C52700080000000000000000A7
:10017000000000000000000000000000000000007F
:1001800000000000C527000800000000000000007B
:04019000C527000877
:1001A00010B5054C237833B9044B13B10448AFF3B1
:1001B00000800123237010BD100200200000000009
:1001C000440C010808B5034B1BB103490348AFF3C6
:1001D000008008BD0000000014020020440C01084B
:1001E00001F0FF01102A2BDB10F0070F08D010F8E8
:1001F000013B013A8B422DD010F0070F42B3F6D1EC
:10020000F0B441EA012141EA014122F007047FF004
:1002100000070023F0E80256083C85EA010586EA5B
:10022000010685FA47F5A3FA87F586FA47F6A5FA97
:1002300087F68EB9EED1F0BC01F0FF0102F00702A3
:1002400032B110F8013B013A83EA010313B1F8D14E
:100250000020704701387047002D06BF354603382F
:10026000073815F0010F07D1013015F4807F02BF68
:10027000013015F4C03F0130F0BC0138704700BFB9
:10028000034613F8012B002AFBD1181A01387047D6
:1002900081F0004102E000BF83F0004330B54FEA37
:1002A00041044FEA430594EA050F08BF90EA020FA4
:1002B0001FBF54EA000C55EA020C7FEA645C7FEA37
:1002C000655C00F0E2804FEA5454D4EB5555B8BF5A
:1002D0006D420CDD2C4480EA020281EA030382EACB
:1002E000000083EA010180EA020281EA0303362D5D
:1002F00088BF30BD11F0004F4FEA01314FF4801C30
:100300004CEA113102D0404261EB410113F0004F41
:100310004FEA03334CEA133302D0524263EB4303F8
:1003200094EA050F00F0A780A4F10104D5F1200E96
:100330000DDB02FA0EFC22FA05F2801841F10001F1
:1003400003FA0EF2801843FA05F359410EE0A5F1C5
:1003500020050EF1200E012A03FA0EFC28BF4CF0F6
:10036000020C43FA05F3C01851EBE37101F00045AC
:1003700007D54FF0000EDCF1000C7EEB00006EEBB9
:100380000101B1F5801F1BD3B1F5001F0CD3490843
:100390005FEA30004FEA3C0C04F101044FEA44529A
:1003A00012F5800F80F09A80BCF1004F08BF5FEA21
:1003B000500C50F1000041EB045141EA050130BD01
:1003C0005FEA4C0C404141EB0101013C28BFB1F513
:1003D000801FE9D291F0000F04BF01460020B1FA5E
:1003E00081F308BF2033A3F10B03B3F120020CDA31
:1003F0000C3208DD02F1140CC2F10C0201FA0CF00F
:1004000021FA02F10CE002F11402D8BFC2F1200C73
:1004100001FA02F120FA0CFCDCBF41EA0C01904029
:10042000E41AA2BF01EB0451294330BD6FEA040472
:100430001F3C1CDA0C340EDC04F11404C4F120025D
:1004400020FA04F001FA02F340EA030021FA04F36F
:1004500045EA030130BDC4F10C04C4F1200220FAC6
:1004600002F001FA04F340EA0300294630BD21FA04
:1004700004F0294630BD94F0000F83F4801306BFCA
:1004800081F480110134013D4EE77FEA645C18BFBE
:100490007FEA655C29D094EA050F08BF90EA020F55
:1004A00005D054EA000C04BF1946104630BD91EA4D
:1004B000030F1EBF0021002030BD5FEA545C05D150
:1004C0004000494128BF41F0004130BD14F580048F
:1004D0003CBF01F5801130BD01F0004545F0FE4103
:1004E00041F470014FF0000030BD7FEA645C1ABF38
:1004F000194610467FEA655C1CBF0B46024650EA6F
:10050000013406BF52EA033591EA030F41F400219A
:1005100030BD00BF90F0000F04BF0021704730B520
:100520004FF4806404F132044FF000054FF00001F5
:1005300050E700BF90F0000F04BF0021704730B5B6
:100540004FF4806404F1320410F0004548BF40428B
:100550004FF000013EE700BF42004FEAE2014FEAE0
:1005600031014FEA02701FBF12F07F4393F07F4FBB
:1005700081F06051704732F07F4208BF704793F0BE
:100580007F4F04BF41F40021704730B54FF46074D1
:1005900001F0004521F000411CE700BF50EA0102D4
:1005A00008BF704730B54FF000050AE050EA01027D
:1005B00008BF704730B511F0004502D5404261EBED
:1005C00041014FF4806404F132045FEA915C3FF42E
:1005D000D8AE4FF003025FEADC0C18BF03325FEACB
:1005E000DC0C18BF033202EBDC02C2F1200300FA7C
:1005F00003FC20FA02F001FA03FE40EA0E0021FAA1
:1006000002F11444BDE600BF70B54FF0FF0C4CF48E
:10061000E06C1CEA11541DBF1CEA135594EA0C0F40
:1006200095EA0C0F00F0DEF82C4481EA030621EA7B
:100630004C5123EA4C5350EA013518BF52EA0335B6
:1006400041F4801143F4801338D0A0FB02CE4FF068
:100650000005E1FB02E506F00042E0FB03E54FF098
:100660000006E1FB03569CF0000F18BF4EF0010E90
:10067000A4F1FF04B6F5007F64F5407404D25FEA8C
:100680004E0E6D4146EB060642EAC62141EA55513F
:100690004FEAC52040EA5E504FEACE2EB4F1FD0C81
:1006A00088BFBCF5E06F1ED8BEF1004F08BF5FEAFF
:1006B000500E50F1000041EB045170BD06F00046B1
:1006C00046EA010140EA020081EA0301B4EB5C045E
:1006D000C2BFD4EB0C0541EA045170BD41F4801156
:1006E0004FF0000E013C00F3AB8014F1360FDEBF7B
:1006F000002001F0004170BDC4F10004203C35DA57
:100700000C341BDC04F11404C4F1200500FA05F3D9
:1007100020FA04F001FA05F240EA020001F000427A
:1007200021F0004110EBD37021FA04F642EB0601F0
:100730005EEA430E08BF20EAD37070BDC4F10C041A
:10074000C4F1200500FA04F320FA05F001FA04F2DE
:1007500040EA020001F0004110EBD37041F10001CA
:100760005EEA430E08BF20EAD37070BDC4F12005D5
:1007700000FA05F24EEA020E20FA04F301FA05F23D
:1007800043EA020321FA04F001F0004121FA04F2E5
:1007900020EA020000EBD3705EEA430E08BF20EAB5
:1007A000D37070BD94F0000F0FD101F000464000EF
:1007B00041EB010111F4801F08BF013CF7D041EA71
:1007C000060195F0000F18BF704703F00046520075
:1007D00043EB030313F4801F08BF013DF7D043EA46
:1007E0000603704794EA0C0F0CEA135518BF95EAFC
:1007F0000C0F0CD050EA410618BF52EA4306D1D183
:1008000081EA030101F000414FF0000070BD50EAA1
:10081000410606BF1046194652EA430619D094EA2B
:100820000C0F02D150EA013613D195EA0C0F05D115
:1008300052EA03361CBF104619460AD181EA030169
:1008400001F0004141F0FE4141F470014FF0000021
:1008500070BD41F0FE4141F4780170BD70B54FF0BC
:10086000FF0C4CF4E06C1CEA11541DBF1CEA13553C
:1008700094EA0C0F95EA0C0F00F0A7F8A4EB05041E
:1008800081EA030E52EA03354FEA013100F0888015
:100890004FEA03334FF0805545EA131343EA1263DE
:1008A0004FEA022245EA111545EA10654FEA002693
:1008B0000EF000419D4208BF964244F1FD0404F54C
:1008C000407402D25B084FEA3202B61A65EB0305A8
:1008D0005B084FEA32024FF480104FF4002CB6EB65
:1008E000020E75EB030E22BFB61A754640EA0C00E5
:1008F0005B084FEA3202B6EB020E75EB030E22BF25
:10090000B61A754640EA5C005B084FEA3202B6EB65
:10091000020E75EB030E22BFB61A754640EA9C0024
:100920005B084FEA3202B6EB020E75EB030E22BFF4
:10093000B61A754640EADC0055EA060E18D04FEAB2
:10094000051545EA16754FEA06164FEAC30343EA52
:1009500052734FEAC2025FEA1C1CC0D111F4801F1F
:100960000BD141EA00014FF000004FF0004CB6E718
:1009700011F4801F04BF01430020B4F1FD0C88BFB7
:10098000BCF5E06F3FF6AFAEB5EB030C04BFB6EBC2
:10099000020C5FEA500C50F1000041EB045170BDB5
:1009A0000EF0004E4EEA113114EB5C04C2BFD4EBE2
:1009B0000C0541EA045170BD41F480114FF0000E66
:1009C000013C90E645EA060E8DE60CEA135594EAE2
:1009D0000C0F08BF95EA0C0F3FF43BAF94EA0C0FE5
:1009E0000AD150EA01347FF434AF95EA0C0F7FF45A
:1009F00025AF104619462CE795EA0C0F06D152EAAE
:100A000003353FF4FDAE1046194622E750EA410691
:100A100018BF52EA43067FF4C5AE50EA41047FF4A2
:100A20000DAF52EA43057FF4EBAE12E74FF0FF3C07
:100A300006E000BF4FF0010C02E000BF4FF0010CD8
:100A40004DF804CD4FEA410C7FEA6C5C4FEA430C51
:100A500018BF7FEA6C5C1BD001B050EA410C0CBFA0
:100A600052EA430C91EA030F02BF90EA020F002002
:100A7000704710F1000F91EA030F58BF994208BF69
:100A800090422CBFD8176FEAE37040F00100704726
:100A90004FEA410C7FEA6C5C02D150EA013C07D17D
:100AA0004FEA430C7FEA6C5CD6D152EA033CD3D0C8
:100AB0005DF8040B704700BF8446104662468C46C2
:100AC0001946634600E000BF01B5FFF7B7FF0028F5
:100AD00048BF10F1000F01BD4DF808EDFFF7F4FF1E
:100AE0000CBF012000205DF808FB00BF4DF808EDA9
:100AF000FFF7EAFF34BF012000205DF808FB00BFCC
:100B00004DF808EDFFF7E0FF94BF012000205DF8ED
:100B100008FB00BF4DF808EDFFF7CEFF94BF0120A2
:100B200000205DF808FB00BF4DF808EDFFF7C4FF9B
:100B300034BF012000205DF808FB00BF4FEA410CE4
:100B40007FEA6C5C02D150EA013C0AD14FEA430CC7
:100B50007FEA6C5C02D152EA033C02D14FF0000004
:100B600070474FF0010070474FEA410212F5001242
:100B700015D211D56FF47873B3EB625212D94FEAE4
:100B8000C12343F0004343EA505311F0004F23FACE
:100B900002F018BF404270474FF00000704750EA23
:100BA000013005D111F0004008BF6FF000407047E0
:100BB0004FF00000704700BF4A0011D212F500123A
:100BC00011D20DD56FF47873B3EB62520ED44FEAA5
:100BD000C12343F0004343EA505323FA02F0704725
:100BE0004FF00000704750EA013002D14FF0FF3063
:100BF00070474FF0000070474FEA4102B2F1E04306
:100C000024BFB3F5001CDCF1FE5C0DD901F0004CF3
:100C10004FEAC0024CEA5070B2F1004F40EB830043
:100C200008BF20F00100704711F0804F21D113F16F
:100C30003872BCBF01F00040704741F480114FEAA8
:100C40005252C2F11802C2F1200C10FA0CF320FA31
:100C500002F018BF40F001004FEAC1234FEAD3234E
:100C600003FA0CFC40EA0C0023FA02F34FEA4303B8
:100C7000CCE77FEA625307D150EA01331EBF4FF041
:100C8000FE4040F44000704701F0004040F0FE405C
:100C900040F40000704700BF53B94AB9002908BFAB
:100CA00000281CBF4FF0FF314FF0FF3000F0A6B915
:100CB000ADF1080C6DE904CE00F03CF8DDF804E07D
:100CC000DDE9022304B0704738B500220023044652
:100CD0000D46FFF70BFF28B920462946BDE83840EE
:100CE00000F00AB8204605F1004100F005F8404246
:100CF00061EB410138BD00BFD0B50C4B0022064668
:100D00000F46FFF781FCFFF757FF0446FFF702FC91
:100D1000074B0022FFF778FC02460B463046394667
:100D2000FFF7BAFAFFF748FF2146D0BD0000F03DBB
:100D30000000F0412DE9F047089E0D4604460F469D
:100D4000002B4AD18A42944665D9B2FA82F343B164
:100D500002FA03FCC3F120029F4020FA02F217437B
:100D60009C404FEA1C4E1FFA8CF5B7FBFEF1220C9B
:100D70000EFB117742EA074201FB05F090420AD9C7
:100D80001CEB020201F1FF3780F01C81904240F21F
:100D9000198102396244121AA4B2B2FBFEF00EFBB2
:100DA000102244EA024400FB05F5A5420AD91CEBD7
:100DB000040400F1FF3280F00781A54240F2048173
:100DC0006444023840EA0140641B00211EB1DC404B
:100DD0000023C6E90043BDE8F0878B4208D9002E06
:100DE00000F0ED800021C6E900050846BDE8F08767
:100DF000B3FA83F1002949D1AB4202D3824200F217
:100E0000F880841A65EB030201201746002EE2D019
:100E1000C6E90047DFE702B9FFDEB2FA82F3002B32
:100E200040F090808A1A4FEA1C471FFA8CFE01217D
:100E3000B2FBF7F507FB1520220C42EA00420EFB3D
:100E400005F0904208D91CEB020205F1FF3802D2EE
:100E5000904200F2CB804546121AA4B2B2FBF7F0E2
:100E600007FB102244EA02440EFB00FEA64508D907
:100E70001CEB040400F1FF3202D2A64500F2BB8055
:100E80001046A4EB0E0440EA05409FE7C1F120079D
:100E90008B4022FA07FC4CEA030C05FA01F420FA15
:100EA00007F3FD404FEA1C492343B5FBF9F81FFA4D
:100EB0008CFE09FB18551C0C44EA054408FB0EF592
:100EC000A54202FA01F200FA01F00BD91CEB04046E
:100ED00008F1FF3A80F08880A54240F28580A8F1B1
:100EE00002086444641B9DB2B4FBF9F309FB13448C
:100EF00045EA044403FB0EFEA64508D91CEB040496
:100F000003F1FF356CD2A6456AD9023B644443EA3B
:100F10000843A3FB0295A4EB0E04AC42C846AE46C0
:100F200056D353D056B1B0EB080264EB0E0404FA6A
:100F300007F7CA40CC401743C6E9007418460021A1
:100F4000BDE8F087C3F1200102FA03FC20FA01F2A8
:100F500025FA01F19D402A434FEA1C471FFA8CFEF7
:100F6000B1FBF7F007FB1015110C41EA054100FB3E
:100F70000EF58D4204FA03F408D91CEB010100F1CF
:100F8000FF382FD28D422DD902386144491B92B2CD
:100F9000B1FBF7F507FB151142EA014205FB0EF123
:100FA000914208D91CEB020205F1FF3816D291429A
:100FB00014D9023D6244521A45EA004138E73146ED
:100FC000304608E73946E6E61046FBE64845A9D232
:100FD000B9EB020865EB0C0E013BA3E74546EAE7D7
:100FE0002B4694E74046D1E7D0467BE7023D62447A
:100FF00032E708460AE76444023842E7704700BF18
:1010000080B584B000AFF860B9607A603B60084A90
:10101000FB681360074ABB681360074A3B681360AC
:101020007968B86807F070FA00BF1037BD4680BD18
:101030002C020020300200203402002080B586B04F
:1010400000AF78607B683B6107F035FBF860FB68B8
:10105000672202FB03F3224AA2FB03239B09BB6026
:1010600007F014FB0246BB6813447B611D4B1B68F1
:101070001B684FF0FF31184607F08AFC1A4B1B68BB
:10108000184607F04FFA174B1B681B684FF0FF31EB
:10109000184607F07DFC144B1B68184607F052FAFF
:1010A000114B1B681B8A07EE903AB8EEE77A0F4B9C
:1010B0001B68DFED0F6AC7EE267AC3ED027A00F0F7
:1010C00019F8084B1B681B68184607F0B3FC7869D1
:1010D00007F0A7FB7A69BB6813447B61C6E700BFD2
:1010E000D34D62102C020020300200203402002078
:1010F0000000C8422DE9F04186B004AF1C4B1B68CC
:10110000D3ED027AF0EE080AB0EE670A322006F05C
:1011100057FC87ED010A97ED010A06F0D1FC034662
:10112000FB70FB78002B1ED0FE78114B1B681B78E0
:1011300098460F4B1B689B681846FFF70DFA04464C
:101140000D460B4B1B685B681846FFF705FA024615
:101150000B46CDE90223CDE9004543463246054919
:1011600005480AF07DFF00BF0837BD46BDE8F081A5
:1011700034020020600C01089C0C010880B500AF0F
:10118000034B1B681B68184607F054FC00BF80BD6A
:101190002C02002080B584B000AFF860B9607A609E
:1011A000094A7B68136006F0D8FCBB68002B06D0A8
:1011B000064ABB681360F86806F05AFB00E000BFFF
:1011C0001037BD4680BD00BF3C0200203802002021
:1011D00080B588B000AFF860FB68FB61114B1B68FD
:1011E0001B684FF0FF31184607F0D2FBFB699A6885
:1011F0003B461146184606F054FB07F114033A46E5
:101200001068186092889A80074B1B687A7D1A7064
:1012100007F114031946F86900F014F8C82007F024
:10122000E5FADBE7380200203C02002080B500AF81
:10123000034B1B681B68184607F0FCFB00BF80BD12
:101240003802002080B584B000AF786039603B6818
:101250009B88B32B0DD93B689B88B3F5B47F08D826
:101260003B689B88DBB2C3F16803FB736C23BB73E1
:1012700008E03B689B88B32B04D83B689B88FB73D2
:101280007223BB73FB7B092B10D83B685A787B68B1
:101290001B681946104606F066FC3B685A787B6866
:1012A0005B681946104606F05EFC2CE0FB7BAA2B1F
:1012B00010D93B685A787B681B681946104606F0BF
:1012C0007AFC3B685A787B685B681946104606F0E2
:1012D00072FC18E0BB7B722B09D13B6858787B68A5
:1012E0001A687B685B68F97B06F0DCFC0BE0BB7B73
:1012F0006C2B08D13B6858787B681A687B685B6800
:10130000F97B06F081FC00BF1037BD4680BD0000B0
:1013100080B485B000AFF860B9607A60BB68002B1C
:1013200009D0084AFB681360074ABB681360074A84
:101330007B68136000E000BF1437BD465DF8047B96
:10134000704700BF400200204402002048020020F5
:1013500080B586B000AF78607B683B6107F0ABF981
:10136000F860FB68642202FB03F3224AA2FB03231A
:101370009B09BB6007F08AF90246BB6813447B6196
:101380001D4B1B681B684FF0FF31184607F000FB30
:101390003B691A683B6904331946104606F008FE9B
:1013A000154B1B681B684FF0FF31184607F0F0FA29
:1013B0003B691B68184606F081FE104B1B683A69B2
:1013C00012695A603B690433184600F027F84FF45D
:1013D00000510B4802F0C7F8074B1B681B68184602
:1013E00007F028FB786907F01CFA7A69BB68134498
:1013F0007B61C5E7D34D6210440200204802002003
:101400000008024080B500AF034B1B681B681846FC
:1014100007F010FB00BF80BD440200202DE9B04F53
:1014200090B00AAF78617B690C331B681846FFF7F0
:1014300093F8C7E902017B6910331B681846FFF770
:101440008BF804460D467B6914331B681846FFF77A
:1014500083F8804689467B691B681846FFF77CF84D
:1014600082468B467B6904331B681846FFF774F885
:10147000C7E900017B6908331B681846FFF76CF861
:1014800002460B46CDE9082397ED007B8DED067BE8
:10149000CDE904ABCDE90289CDE90045D7E90223C6
:1014A000044905480AF0A2FD00BF1837BD46BDE853
:1014B000B08F00BFA00C0108E00C010880B584B01B
:1014C00000AFF860B9607A60074AFB681360074AAA
:1014D0007B681360064ABB68136006480AF076FD15
:1014E00000BF1037BD4680BD4C02002050020020D6
:1014F00054020020AD15000880B5C2B000AF07F55A
:101500008473A3F5827318600F4B1B681B684FF040
:10151000FF31184607F03CFA0C4B1B68186807F1BE
:101520000C014FF0FF33002207F09CFB0346002B19
:10153000EAD1074B1B6897F8062192B207F10C011C
:10154000184604F0DBFFDFE7540200204C020020C5
:101550005002002080B500AF034B1B681B68184683
:1015600007F068FA00BF80BD5402002080B485B047
:1015700000AF78600B46FB700023FB730023BB7346
:1015800009E0BB7B7A6813441A78FB7B1344FB7336
:10159000BB7B0133BB73BA7BFB789A42F1D3FB7BF5
:1015A00018461437BD465DF8047B704790B5C3B04C
:1015B00000AF07F58473A3F58273186007F5847391
:1015C000A3F582731868FEF75BFE034687F80731C0
:1015D00097F80731043387F8063107F58473A3F5CC
:1015E000807397F8062183F8FA2007F58473A3F532
:1015F0008073AA221A7007F58473A3F580735522AD
:101600005A7007F58473A3F5807397F807219A70D1
:1016100097F8071107F58473A3F5827307F10802A1
:10162000D01C0A4619680CF0E6FD97F806315C1EDE
:1016300097F8072107F58473A3F58273114618689C
:10164000FFF794FF03461A4607F58473A3F58073EA
:101650001A55074B1B68186807F108010023002280
:1016600007F0A0FA00BF07F58677BD4690BD00BF22
:101670004C02002080B400AF00BFBD465DF8047B83
:10168000704780B400AF00231846BD465DF8047B68
:101690007047000080B500AF01F096F800F0D0F878
:1016A00000F0B6FA00F066FA00F062F900F038FADD
:1016B00000F030F900F0E0F900F008FA3F4806F0D9
:1016C00005FC00F061FB06F097FF3D4A0021012078
:1016D00007F0D4F803463B4A13603B4A002101203F
:1016E00007F0CCF80346394A1360394A002101203B
:1016F00007F0C4F80346374A1360374A0021012037
:1017000007F0BCF80346354A13602E4B1B68184699
:1017100007F090F92D4B1B68184607F08BF92F4BFB
:101720001B68184607F086F92D4A4FF487710A2086
:1017300007F0C4F903462B4A13602B4A2349294872
:10174000FFF7BCFE294A1F492648FFF7E1FD274A5B
:1017500020492748FFF71EFD244B264A26491F48EB
:10176000FFF74EFC254A0021254806F0ADFF034651
:10177000244A1360244A2549254806F0A5FF03465C
:10178000244A1360244A0021244806F09DFF0346A2
:10179000234A1360234A2449244806F095FF034650
:1017A000234A1360234A0021234806F08DFF034695
:1017B000224A136006F044FFFEE700BF84060020C3
:1017C000A80E0108C4050020B80E0108C8050020B5
:1017D000C80E0108CC050020D80E0108D005002055
:1017E000900E0108C00500209C0300200006002088
:1017F000D4050020E4030020EC050020DC0D0108E6
:10180000A51D0008AC050020000E01080000002006
:1018100051130008B0050020240E0108F914000837
:10182000B4050020480E01081C000020D11100085A
:10183000B80500206C0E01083D100008BC05002012
:1018400080B594B000AF07F1200330220021184684
:101850000CF0D2FB07F10C0300221A605A609A6068
:10186000DA601A610023BB60284B1B6C274A43F0E7
:1018700080531364254B1B6C03F08053BB60BB6823
:1018800000237B60224B1B6823F44043204A43F42F
:10189000004313601E4B1B6803F440437B607B686E
:1018A00002233B620123FB6210233B630223BB63E1
:1018B0000023FB6308233B6454237B640223BB6443
:1018C0000423FB6407F12003184603F05FF9034685
:1018D000002B01D000F07DFA0F23FB6002233B6157
:1018E00000237B614FF48053BB610023FB6107F150
:1018F0000C030221184603F0C1FB0346002B01D064
:1019000000F067FA00BF5037BD4680BD0038024086
:101910000070004080B500AF124B134A1A60114BA3
:10192000124A5A600F4B00229A600E4B0022DA6076
:101930000C4B4FF480421A610A4B00225A61094B4A
:1019400000229A61074B0022DA61064B00221A62DC
:10195000044801F023FE0346002B01D000F039FAC1
:1019600000BF80BD5802002000540040A086010046
:1019700080B58EB000AF07F1280300221A605A60CC
:101980009A60DA6007F1200300221A605A603B1D5A
:1019900000221A605A609A60DA601A615A619A618C
:1019A000334B344A1A60324B0F225A60304B0022BC
:1019B0009A602F4B4FF6FF72DA602D4B00221A61AE
:1019C0002B4B80229A612A4803F06AFD0346002BC4
:1019D00001D000F0FEF94FF48053BB6207F12803F9
:1019E0001946234804F0CAF80346002B01D000F042
:1019F000F0F91F4803F006FE0346002B01D000F06B
:101A0000E8F900233B6200237B6207F120031946BB
:101A1000174804F07BFC0346002B01D000F0D9F9F5
:101A200060237B600023BB600023FB6000237B619D
:101A30003B1D002219460E4803F0DEFF0346002B33
:101A400001D000F0C6F91823BB603B1D04221946E3
:101A5000074803F0D1FF0346002B01D000F0B9F98D
:101A6000034800F0A5FA00BF3837BD4680BD00BF6F
:101A70000C0300200004004080B500AF114B124A57
:101A80001A60104B4FF416525A600E4B00229A60A7
:101A90000C4B0022DA600B4B00221A61094B0C221E
:101AA0005A61084B00229A61064B0022DA61054810
:101AB00004F0AEFC0346002B01D000F08AF900BF11
:101AC00080BD00BF540300200010014080B500AF6E
:101AD000114B124A1A60104B4FF461425A600E4B80
:101AE00000229A600C4B0022DA600B4B00221A6134
:101AF000094B0C225A61084B00229A61064B0022C6
:101B0000DA61054804F084FC0346002B01D000F0A4
:101B100060F900BF80BD00BF9C030020004400406E
:101B200080B500AF114B124A1A60104B4FF4E132EE
:101B30005A600E4B00229A600C4B0022DA600B4B6D
:101B400000221A61094B0C225A61084B00229A614B
:101B5000064B0022DA61054804F05AFC0346002BCC
:101B600001D000F036F900BF80BD00BFE4030020C3
:101B70000014014080B582B000AF00237B60234B8E
:101B80001B6B224A43F480031363204B1B6B03F44B
:101B900080037B607B6800233B601C4B1B6B1B4AF4
:101BA00043F400131363194B1B6B03F400133B60E6
:101BB0003B6800220521102000F000FF102000F0FB
:101BC00019FF00220521112000F0F8FE112000F07D
:101BD00011FF00220521392000F0F0FE392000F02D
:101BE00009FF00220521442000F0E8FE442000F017
:101BF00001FF00220521452000F0E0FE452000F015
:101C0000F9FE00BF0837BD4680BD00BF0038024066
:101C100080B588B000AF07F10C0300221A605A604B
:101C20009A60DA601A610023BB602A4B1B6B294A59
:101C300043F004031363274B1B6B03F00403BB60E7
:101C4000BB6800237B60234B1B6B224A43F00103DC
:101C50001363204B1B6B03F001037B607B68002345
:101C60003B601C4B1B6B1B4A43F002031363194B75
:101C70001B6B03F002033B603B6800224FF40051F2
:101C8000154801F057FC00220621144801F052FCCF
:101C90004FF40053FB6001233B6100237B61002371
:101CA000BB6107F10C0319460B4801F0BFFA06238C
:101CB000FB6001233B6100237B610023BB6107F1D3
:101CC0000C031946054801F0B1FA00BF2037BD46A4
:101CD00080BD00BF003802400008024000040240FE
:101CE00080B582B000AF78607B681B68044A93427D
:101CF00001D1FFF72FFC00BF0837BD4680BD00BFF4
:101D00000044004080B582B000AF78607B681B68FB
:101D10000B4A934203D10B4805F020FE0BE07B6891
:101D20001B68094A934206D07B681B68074A9342A6
:101D300001D1FFF723FA00BF0837BD4680BD00BFC1
:101D400000100140D4050020004400400014014070
:101D500080B582B000AF78607B681B68074A934209
:101D600003D1074806F07EF903E07B681B68054A4B
:101D7000934200BF0837BD4680BD00BF00540040FD
:101D8000840600200058004080B400AF034B044A92
:101D90001A6000BFBD465DF8047B7047D405002083
:101DA0005403002080B582B000AF7860012006F0B7
:101DB0001DFDFBE780B582B000AF78607B681B68D3
:101DC000B3F1804F01D100F021FD00BF0837BD46BF
:101DD00080BD80B400AF72B600BFFEE780B582B0B0
:101DE00000AF00237B60124B5B6C114A43F48043CD
:101DF00053640F4B5B6C03F480437B607B68002370
:101E00003B600B4B1B6C0A4A43F080531364084B36
:101E10001B6C03F080533B603B6800220F216FF086
:101E2000010000F0CBFD00BF0837BD4680BD00BFFC
:101E30000038024080B58AB000AF786007F1140323
:101E400000221A605A609A60DA601A617B681B6827
:101E50003C4A934272D100233B613B4B1B6B3A4A95
:101E600043F400131363384B1B6B03F400133B6103
:101E70003B690023FB60344B1B6B334A43F0020386
:101E80001363314B1B6B03F00203FB60FB68C02341
:101E90007B611223BB610023FB6103233B620423AC
:101EA0007B6207F114031946284801F0BFF90023AB
:101EB000BB60254B1B6C244A43F400131364224B74
:101EC0001B6C03F40013BB60BB68214B214A1A60F2
:101ED0001F4B4FF000725A601D4B00229A601C4B42
:101EE0000022DA601A4B4FF480621A61184B00220C
:101EF0005A61174B4FF400529A61154B0022DA6178
:101F0000134B4FF480321A62114B04225A62104B69
:101F100000229A620E4B0022DA620D4B00221A63F5
:101F20000B4800F075FD0346002B01D0FFF751FF71
:101F30007B68074A9A63064A7B68936300BF283729
:101F4000BD4680BD005400400038024000040240FD
:101F5000AC0200208860024080B584B000AF786099
:101F60007B681B680F4A934218D10023FB600E4B1D
:101F70001B6C0D4A43F0020313640B4B1B6C03F004
:101F80000203FB60FB68002205211D2000F016FD06
:101F90001D2000F02FFD054800F00AF800BF1037A3
:101FA000BD4680BD00040040003802400C03002004
:101FB00080B58AB000AF786007F1140300221A6080
:101FC0005A609A60DA601A617B681B68214A934202
:101FD0003BD100233B61204B1B6B1F4A43F00103A5
:101FE00013631D4B1B6B03F001033B613B69002333
:101FF000FB60194B1B6B184A43F002031363164B2B
:102000001B6B03F00203FB60FB6840237B61022330
:10201000BB610023FB6100233B6202237B6207F16B
:10202000140319460D4801F001F920237B610223B6
:10203000BB610023FB6100233B6202237B6207F14B
:1020400014031946064801F0F1F800BF2837BD46D1
:1020500080BD00BF00040040003802400000024084
:102060000004024080B58EB000AF786007F1240311
:1020700000221A605A609A60DA601A617B681B68F5
:10208000714A93426ED100233B62704B5B6C6F4A86
:1020900043F0100353646D4B5B6C03F010033B6221
:1020A0003B6A0023FB61694B1B6B684A43F00103E9
:1020B0001363664B1B6B03F00103FB61FB694FF479
:1020C000C0637B620223BB620023FB6203233B638A
:1020D00007237B6307F1240319465D4801F0A6F846
:1020E0005C4B5D4A1A605B4B4FF000625A60594B83
:1020F00000229A60574B0022DA60564B4FF4806200
:102100001A61544B00225A61524B4FF400529A61AB
:10211000504B0022DA614F4B4FF480321A624D4B24
:1021200004225A624B4B00229A624A4B0022DA6226
:10213000484B00221A63474800F06AFC0346002B14
:1021400001D0FFF746FE7B68424ADA63414A7B686A
:10215000936300220521252000F030FC252000F0AB
:1021600049FC26E17B681B683C4A93427CD10023F2
:10217000BB61364B1B6C354A43F400331364334B5D
:102180001B6C03F40033BB61BB6900237B612F4BE5
:102190001B6B2E4A43F0010313632C4B1B6B03F0A4
:1021A00001037B617B690C237B620223BB620023FA
:1021B000FB6203233B6307237B6307F12403194678
:1021C000234801F033F8264B264A1A60244B4FF07F
:1021D00000625A60224B40229A60214B0022DA6052
:1021E0001F4B4FF480621A611D4B00225A611C4B39
:1021F0004FF400529A611A4B0022DA61184B002208
:102200001A62174B04225A62154B00229A62144B31
:102210000022DA62124B00221A63114800F0F8FB28
:102220000346002B01D0FFF7D4FD7B680C4A9A636C
:102230000B4A7B68936300220521262000F0BEFB39
:10224000262000F0D7FBB4E0001001400038024027
:10225000000002402C04002088640240004400403A
:102260008C040020A06002407B681B68534A9342A4
:1022700040F09F8000233B61514B1B6B504A43F45D
:10228000800313634E4B1B6B03F480033B613B697C
:102290000023FB604A4B5B6C494A43F020035364C4
:1022A000474B5B6C03F02003FB60FB680023BB60C3
:1022B000434B1B6B424A43F001031363404B1B6BC0
:1022C00003F00103BB60BB684FF4C0537B62022381
:1022D000BB620023FB6203233B6308237B6307F19C
:1022E00024031946374800F0A1FF374B374A1A60DC
:1022F000354B4FF020625A60334B40229A60324B8C
:102300000022DA60304B4FF480621A612E4B0022BB
:102310005A612D4B00229A612B4B0022DA612A4B25
:1023200000221A62284B00225A62274800F070FBF4
:102330000346002B01D0FFF74CFD7B68224A9A63CD
:10234000214A7B689363224B224A1A60204B4FF04C
:1023500020625A601E4B00229A601D4B0022DA60F8
:102360001B4B4FF480621A61194B00225A61184BC3
:1023700000229A61164B0022DA61154B00221A6284
:10238000134B00225A62124800F042FB0346002B16
:1023900001D0FFF71EFD7B680D4ADA630C4A7B68AB
:1023A000936300220521472000F008FB472000F03E
:1023B00021FB00BF3837BD4680BD00BF001401407F
:1023C0000038024000000240EC040020A0640240FB
:1023D0004C0500202864024080B58EB000AF7860C4
:1023E0000023FB620023BB620023FB60344B1B6CA9
:1023F000334A43F001031364314B1B6C03F00103B8
:10240000FB60FB6807F1100207F114031146184640
:1024100003F014F83B6AFB62FB6A002B03D102F065
:10242000E5FF786304E002F0E1FF03465B007B63B5
:102430007B6B244AA2FB03239B0C013BBB62224B18
:102440004FF080421A60204B40F2E732DA601E4AB9
:10245000BB6A53601C4B00221A611B4B00229A601E
:10246000194B00229A61184803F01AF8034687F8BE
:10247000333097F83330002B1BD1134803F060F84A
:10248000034687F8333097F83330002B11D11C20E6
:1024900000F0B0FA7B680F2B08D8002279681C2066
:1024A00000F08CFA094A7B68136002E0012387F888
:1024B000333097F8333018463837BD4680BD00BFFB
:1024C0000038024083DE1B43100600202C00002051
:1024D00080B400AFFEE780B400AFFEE780B400AF89
:1024E000FEE780B400AFFEE780B400AFFEE780B443
:1024F00000AF00BFBD465DF8047B704780B500AFFC
:10250000024800F01DFC00BF80BD00BFAC020020EF
:1025100080B500AF024800F013FC00BF80BD00BFD3
:102520008C04002080B500AF024803F075F900BFAD
:1025300080BD00BF1006002080B500AF024803F048
:102540006BF900BF80BD00BF0C03002080B500AF59
:10255000024804F069F800BF80BD00BF54030020AA
:1025600080B500AF024804F05FF800BF80BD00BF37
:102570009C03002080B500AF024800F0E1FB00BFE3
:1025800080BD00BF4C05002080B500AF024800F0C0
:10259000D7FB00BF80BD00BF2C04002080B500AF7A
:1025A000024800F0CDFB00BF80BD00BFEC0400205E
:1025B00080B500AF024804F037F800BF80BD00BF0F
:1025C000E403002080B400AF01231846BD465DF847
:1025D000047B704780B582B000AF786039600BF043
:1025E000D5FD034616221A604FF0FF331846083710
:1025F000BD4680BD80B582B000AF78604FF0FF313E
:102600007868FFF7E7FFFEE780B586B000AFF860B7
:10261000B9607A6000237B610AE0AFF30080014675
:10262000BB685A1CBA60CAB21A707B6901337B61FD
:102630007A697B689A42F0DB7B6818461837BD469A
:1026400080BD80B586B000AFF860B9607A600023C5
:102650007B6109E0BB685A1CBA601B781846AFF36F
:1026600000807B6901337B617A697B689A42F1DB88
:102670007B6818461837BD4680BD80B483B000AF74
:1026800078604FF0FF3318460C37BD465DF8047B89
:10269000704780B483B000AF786039603B684FF416
:1026A00000525A60002318460C37BD465DF8047B83
:1026B000704780B483B000AF7860012318460C37B0
:1026C000BD465DF8047B704780B485B000AFF8600C
:1026D000B9607A60002318461437BD465DF8047B64
:1026E0007047000080B586B000AF7860144A154B83
:1026F000D31A7B617B693B61134B1B68002B02D1B2
:10270000114B124A1A60104B1A687B6813443A69DD
:102710009A4207D20BF03AFD03460C221A604FF0A2
:10272000FF3309E0084B1B68FB60074B1A687B68A6
:102730001344054A1360FB6818461837BD4680BD30
:10274000000001200004000058060020F061002075
:1027500080B400AF064BD3F88830054A43F47003C9
:10276000C2F8883000BFBD465DF8047B704700BFEB
:1027700000ED00E0DFF834D0FFF7EAFF0C480D4928
:102780000D4A002302E0D458C4500433C4188C42CC
:10279000F9D30A4A0A4C002301E013600432A24232
:1027A000FBD30BF0F9FCFEF775FF7047000001202A
:1027B0000000002010020020441301081002002035
:1027C000EC610020FEE7000080B500AF0E4B1B68F7
:1027D0000D4A43F4007313600B4B1B680A4A43F421
:1027E00080631360084B1B68074A43F480731360CF
:1027F000032000F0D8F80F20FFF7EEFDFFF7EEFA08
:102800000023184680BD00BF003C024080B400AFEA
:10281000064B1B781A46064B1B681344044A136088
:1028200000BFBD465DF8047B704700BF300000204C
:102830005C06002080B400AF034B1B681846BD4601
:102840005DF8047B704700BF5C06002080B485B053
:1028500000AF78607B6803F00703FB600C4BDB681C
:10286000BB60BA684FF6FF031340BB60FB681A02F7
:10287000BB68134343F0BF6343F40033BB60044AB7
:10288000BB68D36000BF1437BD465DF8047B70475A
:1028900000ED00E080B400AF044BDB681B0A03F0DE
:1028A00007031846BD465DF8047B704700ED00E065
:1028B00080B483B000AF0346FB7197F90730002B5B
:1028C0000BDBFB7903F01F02074997F907305B091F
:1028D000012000FA02F241F8232000BF0C37BD4668
:1028E0005DF8047B704700BF00E100E080B483B076
:1028F00000AF03463960FB7197F90730002B0ADB04
:102900003B68DAB20C4997F907301201D2B20B4496
:1029100083F800230AE03B68DAB20849FB7903F048
:102920000F03043B1201D2B20B441A7600BF0C37DE
:10293000BD465DF8047B704700E100E000ED00E07B
:1029400080B489B000AFF860B9607A60FB6803F0CA
:102950000703FB61FB69C3F10703042B28BF0423B2
:10296000BB61FB690433062B02D9FB69033B00E022
:1029700000237B614FF0FF32BB6902FA03F3DA43B5
:10298000BB681A407B699A404FF0FF317B6901FABE
:1029900003F3D9437B680B40134318462437BD46E5
:1029A0005DF8047B704780B582B000AF78607868CE
:1029B000FFF74CFF00BF0837BD4680BD80B586B02D
:1029C00000AF0346B9607A60FB7300237B61FFF7B9
:1029D00061FF78617A68B9687869FFF7B1FF0246EC
:1029E00097F90F3011461846FFF780FF00BF1837E0
:1029F000BD4680BD80B582B000AF0346FB7197F93C
:102A000007301846FFF754FF00BF0837BD4680BDAA
:102A100080B586B000AF786000237B61FFF70AFFC6
:102A200038617B68002B01D1012399E07B68022289
:102A300083F835207B68002283F834207B681B688C
:102A40001A687B681B6822F001021A600FE0FFF72A
:102A5000F1FE02463B69D31A052B08D97B68202278
:102A60005A657B68032283F83520032378E07B686E
:102A70001B681B6803F00103002BE8D17B681B680F
:102A80001B687B617A69384B13407B617B685A68AD
:102A90007B689B681A437B68DB681A437B681B6909
:102AA0001A437B685B691A437B689B691A437B689E
:102AB000DB691A437B681B6A13437A6913437B61A2
:102AC0007B685B6A042B07D17B68DA6A7B681B6BC7
:102AD00013437A6913437B617B681B687A691A60C8
:102AE0007B681B685B697B617B6923F007037B6103
:102AF0007B685B6A7A6913437B617B685B6A042B42
:102B000017D17B689B6A7A6913437B617B68DB6AB8
:102B1000002B0ED0786800F00DFB0346002B08D088
:102B20007B6840225A657B68012283F835200123A7
:102B300016E07B681B687A695A61786800F0C4FA0D
:102B40000346FB607B68DB6D3F229A40FB689A601E
:102B50007B6800225A657B68012283F835200023B8
:102B600018461837BD4680BD3F8010F080B586B04E
:102B700000AFF860B9607A603B600023FB75FB68CA
:102B80009B6D3B61FB6893F83430012B01D102232C
:102B900040E0FB68012283F83420FB6893F835306D
:102BA000DBB2012B2FD1FB68022283F83520FB68B2
:102BB00000225A653B687A68B968F86800F056FAEE
:102BC000FB68DB6D3F229A403B699A60FB681B689B
:102BD0001A68FB681B6842F016021A60FB681B6CDF
:102BE000002B07D0FB681B681A68FB681B6842F063
:102BF00008021A60FB681B681A68FB681B6842F0D1
:102C000001021A6005E0FB68002283F834200223E9
:102C1000FB75FB7D18461837BD4680BD80B584B076
:102C200000AF78607B689B6DFB60FFF703FEB860C8
:102C30007B6893F83530DBB2022B08D07B688022AA
:102C40005A657B68002283F83420012352E07B68B8
:102C50001B681A687B681B6822F016021A607B6882
:102C60001B685A697B681B6822F080025A617B6886
:102C70001B6C002B03D17B689B6C002B07D07B68FF
:102C80001B681A687B681B6822F008021A607B6860
:102C90001B681A687B681B6822F001021A6013E047
:102CA000FFF7C8FD0246BB68D31A052B0CD97B6819
:102CB00020225A657B68032283F835207B68002236
:102CC00083F83420032315E07B681B681B6803F03E
:102CD0000103002BE4D17B68DB6D3F229A40FB6847
:102CE0009A607B68012283F835207B68002283F894
:102CF0003420002318461037BD4680BD80B483B011
:102D000000AF78607B6893F83530DBB2022B04D0DB
:102D10007B6880225A6501230CE07B68052283F8DA
:102D200035207B681B681A687B681B6822F00102EB
:102D30001A60002318460C37BD465DF8047B7047C7
:102D400080B586B000AF78600023BB608E4B1B68F7
:102D50008E4AA2FB03239B0A7B617B689B6D3B61D0
:102D60003B691B68FB607B68DB6D08229A40FB684F
:102D70001340002B1AD07B681B681B6803F0040308
:102D8000002B13D07B681B681A687B681B6822F0D5
:102D900004021A607B68DB6D08229A403B699A60E6
:102DA0007B685B6D43F001027B685A657B68DB6D75
:102DB00001229A40FB681340002B12D07B681B68ED
:102DC0005B6903F08003002B0BD07B68DB6D012275
:102DD0009A403B699A607B685B6D43F002027B68B6
:102DE0005A657B68DB6D04229A40FB681340002B18
:102DF00012D07B681B681B6803F00203002B0BD00A
:102E00007B68DB6D04229A403B699A607B685B6D4E
:102E100043F004027B685A657B68DB6D10229A40A0
:102E2000FB681340002B43D07B681B681B6803F0D2
:102E30000803002B3CD07B68DB6D10229A403B6975
:102E40009A607B681B681B6803F48023002B18D0F2
:102E50007B681B681B6803F40023002B08D17B6888
:102E60001B6C002B24D07B681B6C786898471FE094
:102E70007B689B6C002B1BD07B689B6C78689847A9
:102E800016E07B681B681B6803F48073002B07D176
:102E90007B681B681A687B681B6822F008021A604E
:102EA0007B681B6C002B03D07B681B6C7868984791
:102EB0007B68DB6D20229A40FB681340002B00F0FA
:102EC0008F807B681B681B6803F01003002B00F0E9
:102ED00087807B68DB6D20229A403B699A607B6823
:102EE00093F83530DBB2052B36D17B681B681A6846
:102EF0007B681B6822F016021A607B681B685A699F
:102F00007B681B6822F080025A617B681B6C002B77
:102F100003D17B689B6C002B07D07B681B681A6809
:102F20007B681B6822F008021A607B68DB6D3F2219
:102F30009A403B699A607B68012283F835207B6860
:102F4000002283F834207B681B6D002B7ED07B68C9
:102F50001B6D7868984779E07B681B681B6803F4F1
:102F60008023002B1DD07B681B681B6803F40023A3
:102F7000002B0DD17B685B6C002B31D07B685B6CC8
:102F8000786898472CE000BF28000020B5814E1BD0
:102F90007B68DB6B002B23D07B68DB6B7868984702
:102FA0001EE07B681B681B6803F48073002B0FD145
:102FB0007B681B681A687B681B6822F010021A6025
:102FC0007B68012283F835207B68002283F8342057
:102FD0007B68DB6B002B03D07B68DB6B78689847E2
:102FE0007B685B6D002B32D07B685B6D03F0010367
:102FF000002B22D07B68052283F835207B681B6874
:103000001A687B681B6822F001021A60BB680133F2
:10301000BB607A699A4207D37B681B681B6803F020
:103020000103002BF2D100E000BF7B68012283F88E
:1030300035207B68002283F834207B68DB6C002B12
:1030400005D07B68DB6C7868984700E000BF1837D4
:10305000BD4680BD80B483B000AF78607B685B6D97
:1030600018460C37BD465DF8047B704780B485B0C8
:1030700000AFF860B9607A603B60FB681B681A6853
:10308000FB681B6822F480221A60FB681B683A68A0
:103090005A60FB689B68402B08D1FB681B687A6804
:1030A0009A60FB681B68BA68DA6007E0FB681B6817
:1030B000BA689A60FB681B687A68DA6000BF1437E8
:1030C000BD465DF8047B704780B485B000AF786082
:1030D0007B681B68DBB2103B144AA2FB03231B096D
:1030E000FB60134AFB6813441B781A467B68DA6559
:1030F000FB68032B09D97B681B6823F47F7323F0DB
:1031000003031A1D7B689A6507E07B681B6823F43C
:103110007F7323F003037A6893657B689B6D184681
:103120001437BD465DF8047B704700BFABAAAAAA5E
:10313000000F010880B485B000AF78600023FB73F6
:103140007B689B6ABB607B689B69002B1FD1BB6857
:10315000032B56D801A252F823F000BF6D310008AE
:103160007F3100086D310008033200087B68DB6A9C
:1031700003F08073002B46D00123FB7343E07B6890
:10318000DB6AB3F1C07F40D10123FB733DE07B6874
:103190009B69B3F5005F21D1BB68032B37D801A22F
:1031A00052F823F0B5310008BB310008B5310008F2
:1031B000CD3100080123FB7330E07B68DB6A03F04C
:1031C0008073002B25D00123FB7322E07B68DB6A30
:1031D000B3F1C07F1FD10123FB731CE0BB68022B3E
:1031E00003D9BB68032B03D018E00123FB7315E060
:1031F0007B68DB6A03F08073002B0ED00123FB7326
:103200000BE000BF0AE000BF08E000BF06E000BF1F
:1032100004E000BF02E000BF00E000BFFB7B1846F7
:103220001437BD465DF8047B704700BF80B489B099
:1032300000AF7860396000237B6100233B6100238D
:10324000BB610023FB6159E10122FB6902FA03F330
:103250007B613B681B687A6913403B613A697B6913
:103260009A4240F048813B685B6803F00303012BFE
:1032700005D03B685B6803F00303022B30D17B6809
:103280009B68BB61FB695B00032202FA03F3DB432B
:10329000BA691340BB613B68DA68FB695B0002FAFC
:1032A00003F3BA691343BB617B68BA699A607B68B0
:1032B0005B68BB610122FB6902FA03F3DB43BA6975
:1032C0001340BB613B685B681B0903F00102FB69AB
:1032D00002FA03F3BA691343BB617B68BA695A60A7
:1032E0003B685B6803F00303032B17D07B68DB6844
:1032F000BB61FB695B00032202FA03F3DB43BA699B
:103300001340BB613B689A68FB695B0002FA03F3F8
:10331000BA691343BB617B68BA69DA603B685B6872
:1033200003F00303022B23D1FB69DA087B68083220
:1033300053F82230BB61FB6903F007039B000F22A7
:1033400002FA03F3DB43BA691340BB613B681A69B5
:10335000FB6903F007039B0002FA03F3BA69134306
:10336000BB61FB69DA087B680832B96943F822104F
:103370007B681B68BB61FB695B00032202FA03F3F5
:10338000DB43BA691340BB613B685B6803F003022F
:10339000FB695B0002FA03F3BA691343BB617B6804
:1033A000BA691A603B685B6803F44033002B00F095
:1033B000A2800023FB60574B5B6C564A43F480436A
:1033C0005364544B5B6C03F48043FB60FB68524ACC
:1033D000FB699B08023352F82330BB61FB6903F0A1
:1033E00003039B000F2202FA03F3DB43BA69134085
:1033F000BB617B68494A934219D07B68484A934233
:1034000013D07B68474A93420DD07B68464A93426B
:1034100007D07B68454A934201D1042308E0072383
:1034200006E0032304E0022302E0012300E000237E
:10343000FA6902F0030292009340BA691343BB6138
:103440003549FB699B080233BA6941F82320384BA0
:103450009B68BB613B69DB43BA691340BB613B6856
:103460005B6803F48013002B03D0BA693B691343F4
:10347000BB612F4ABB6993602D4BDB68BB613B6925
:10348000DB43BA691340BB613B685B6803F400131C
:10349000002B03D0BA693B691343BB61244ABB6963
:1034A000D360234B5B68BB613B69DB43BA69134064
:1034B000BB613B685B6803F40033002B03D0BA693F
:1034C0003B691343BB611A4ABB695360184B1B68C5
:1034D000BB613B69DB43BA691340BB613B685B6816
:1034E00003F48033002B03D0BA693B691343BB61FB
:1034F0000F4ABB691360FB690133FB61FB690F2B4A
:103500007FF6A2AE00BF00BF2437BD465DF8047B46
:10351000704700BF00380240003801400000024000
:103520000004024000080240000C0240001002406B
:10353000003C014080B483B000AF78600B467B80D4
:1035400013467B707B78002B03D07A887B689A6166
:1035500003E07B881A047B689A6100BF0C37BD4684
:103560005DF8047B704780B485B000AF78600B468F
:103570007B807B685B69FB607A88FB6813401A0478
:10358000FB68D9437B880B401A437B689A6100BF74
:103590001437BD465DF8047B7047000080B584B0E9
:1035A00000AF78607B68002B01D101232BE17B68A1
:1035B00093F83D30DBB2002B06D17B68002283F804
:1035C0003C207868FEF736FC7B68242283F83D2097
:1035D0007B681B681A687B681B6822F001021A600E
:1035E0007B681B681A687B681B6842F400421A609B
:1035F0007B681B681A687B681B6822F400421A60AB
:1036000001F0F4FEF8607B685B68814A934207D85A
:10361000FB68804A934294BF01230023DBB206E09B
:10362000FB687D4A934294BF01230023DBB2002B49
:1036300001D00123E7E0FB68784AA2FB03239B0C3F
:10364000BB607B681B685B6823F03F017B681B687D
:10365000BA680A435A607B681B681B6A23F03F0103
:103660007B685B686A4A934202D8BB68013309E011
:10367000BB684FF4967202FB03F3694AA2FB032373
:103680009B0901337A6812680B4313627B681B68DD
:10369000DB6923F44F4222F0FF027B685B685C49E0
:1036A0008B4219D8FB68591E7B685B685B00B1FBD5
:1036B000F3F3591C40F6FC730B40002B0AD0FB6857
:1036C000591E7B685B685B00B1FBF3F30133C3F306
:1036D0000B0351E004234FE07B689B68002B11D162
:1036E000FB68581E7B6859680B465B000B44B0FBB7
:1036F000F3F30133C3F30B03002B0CBF01230023AF
:10370000DBB212E0FB68581E7B6859680B469B00D1
:103710000B4499000B44B0FBF3F30133C3F30B03E9
:10372000002B0CBF01230023DBB2002B01D00123AF
:1037300022E07B689B68002B0ED1FB68581E7B68DB
:1037400059680B465B000B44B0FBF3F30133C3F342
:103750000B0343F400430FE0FB68581E7B68596875
:103760000B469B000B4499000B44B0FBF3F3013371
:10377000C3F30B0343F44043796809681343CB61F7
:103780007B681B681B6823F0C0017B68DA697B6873
:103790001B6A1A437B681B680A431A607B681B68B4
:1037A0009B6823F4034323F0FF037A6811697A6866
:1037B000D26811437A6812680B4393607B681B6878
:1037C000DB6823F0FF017B685A697B689B691A43B9
:1037D0007B681B680A43DA607B681B681A687B6831
:1037E0001B6842F001021A607B6800221A647B6841
:1037F000202283F83D207B6800221A637B68002228
:1038000083F83E20002318461037BD4680BD00BF18
:10381000A08601007F841E00FF083D0083DE1B435D
:10382000D34D621080B588B002AFF86008461146EB
:103830001A4603467B810B463B811346FB80FEF70D
:10384000F9FF7861FB6893F83D30DBB2202B40F044
:10385000D9807B690093192301226D49F86800F033
:103860005FFF0346002B01D00223CCE0FB6893F8F6
:103870003C30012B01D10223C5E0FB68012283F813
:103880003C20FB681B681B6803F00103012B07D079
:10389000FB681B681A68FB681B6842F001021A602B
:1038A000FB681B681A68FB681B6822F400621A60D8
:1038B000FB68212283F83D20FB68402283F83E20EC
:1038C000FB6800221A64FB683A6A5A62FB68BA8C89
:1038D0005A85FB685B8D9AB2FB681A85FB684D4A76
:1038E000DA62F8883A8979897B690193BB6A009327
:1038F0000346F86800F07AFC0346002B52D00123FF
:1039000081E07A69B96AF86801F024F80346002B6F
:103910000DD0FB681B6C042B07D1FB681B681A6871
:10392000FB681B6842F400721A6001236BE0FB68BD
:103930005B6A1A78FB681B681A61FB685B6A5A1C31
:10394000FB685A62FB681B8D013B9AB2FB681A85C3
:10395000FB685B8D9BB2013B9AB2FB685A85FB68A2
:103960001B685B6903F00403042B1BD1FB681B8DF0
:10397000002B17D0FB685B6A1A78FB681B681A611A
:10398000FB685B6A5A1CFB685A62FB681B8D013B33
:103990009AB2FB681A85FB685B8D9BB2013B9AB2B9
:1039A000FB685A85FB681B8D002BAAD17A69B96A1E
:1039B000F86801F017F80346002B0DD0FB681B6C6C
:1039C000042B07D1FB681B681A68FB681B6842F46C
:1039D00000721A60012316E0FB681B681A68FB6816
:1039E0001B6842F400721A60FB68202283F83D20B5
:1039F000FB68002283F83E20FB68002283F83C200D
:103A0000002300E0022318461837BD4680BD00BFE2
:103A1000020010000000FFFF80B58CB002AFF8601C
:103A2000084611461A4603467B810B463B811346E6
:103A3000FB80FEF7FFFE7862FB6893F83D30DBB257
:103A4000202B40F014827B6A0093192301227B49CA
:103A5000F86800F065FE0346002B01D0022307E260
:103A6000FB6893F83C30012B01D1022300E2FB6894
:103A7000012283F83C20FB681B681B6803F00103EC
:103A8000012B07D0FB681B681A68FB681B6842F0B3
:103A900001021A60FB681B681A68FB681B6822F445
:103AA00000621A60FB68222283F83D20FB684022F6
:103AB00083F83E20FB6800221A64FB683A6B5A6266
:103AC000FB68BA8E5A85FB685B8D9AB2FB681A85D3
:103AD000FB685B4ADA62F8883A8979897B6A0193E4
:103AE000BB6B00930346F86800F016FC0346002BFE
:103AF00001D00123BCE1FB681B8D002B13D10023F7
:103B00003B62FB681B685B693B62FB681B689B69E7
:103B10003B623B6AFB681B681A68FB681B6842F4DF
:103B200000721A6090E1FB681B8D012B1BD1FB68B2
:103B30001B681A68FB681B6822F480621A60002305
:103B4000FB61FB681B685B69FB61FB681B689B6929
:103B5000FB61FB69FB681B681A68FB681B6842F421
:103B600000721A6070E1FB681B8D022B1BD1FB6891
:103B70001B681A68FB681B6822F480621A60FB6885
:103B80001B681A68FB681B6842F400621A60002315
:103B9000BB61FB681B685B69BB61FB681B689B6959
:103BA000BB61BB6950E100237B61FB681B685B69FB
:103BB0007B61FB681B689B697B617B6944E1FB68F7
:103BC0001B8D032B00F2F180FB681B8D012B23D191
:103BD0007A6AB96BF86800F04DFF0346002B01D0FC
:103BE000012345E1FB681B681A69FB685B6AD2B276
:103BF0001A70FB685B6A5A1CFB685A62FB681B8D73
:103C0000013B9AB2FB681A85FB685B8D9BB2013B56
:103C10009AB2FB685A8517E1FB681B8D022B4ED1C7
:103C20007B6A0093BB6B00220649F86800F078FDC0
:103C30000346002B08D001231AE100BF0200100048
:103C40000000FFFF04000100FB681B681A68FB68A6
:103C50001B6842F400721A60FB681B681A69FB68F3
:103C60005B6AD2B21A70FB685B6A5A1CFB685A62C4
:103C7000FB681B8D013B9AB2FB681A85FB685B8D64
:103C80009BB2013B9AB2FB685A85FB681B681A69B4
:103C9000FB685B6AD2B21A70FB685B6A5A1CFB68ED
:103CA0005A62FB681B8D013B9AB2FB681A85FB6860
:103CB0005B8D9BB2013B9AB2FB685A85C4E07B6A7C
:103CC0000093BB6B00226C49F86800F029FD0346A5
:103CD000002B01D00123CBE0FB681B681A68FB684E
:103CE0001B6822F480621A60FB681B681A69FB6813
:103CF0005B6AD2B21A70FB685B6A5A1CFB685A6234
:103D0000FB681B8D013B9AB2FB681A85FB685B8DD3
:103D10009BB2013B9AB2FB685A857B6A0093BB6BEE
:103D200000225549F86800F0FBFC0346002B01D047
:103D300001239DE0FB681B681A68FB681B6842F45E
:103D400000721A60FB681B681A69FB685B6AD2B272
:103D50001A70FB685B6A5A1CFB685A62FB681B8D11
:103D6000013B9AB2FB681A85FB685B8D9BB2013BF5
:103D70009AB2FB685A85FB681B681A69FB685B6A24
:103D8000D2B21A70FB685B6A5A1CFB685A62FB6805
:103D90001B8D013B9AB2FB681A85FB685B8D9BB259
:103DA000013B9AB2FB685A854EE07A6AB96BF868B3
:103DB00000F060FE0346002B01D0012358E0FB68B1
:103DC0001B681A69FB685B6AD2B21A70FB685B6A8F
:103DD0005A1CFB685A62FB681B8D013B9AB2FB6858
:103DE0001A85FB685B8D9BB2013B9AB2FB685A85D2
:103DF000FB681B685B6903F00403042B24D1FB6898
:103E00001B8D032B07D1FB681B681A68FB681B68B6
:103E100022F480621A60FB681B681A69FB685B6A9F
:103E2000D2B21A70FB685B6A5A1CFB685A62FB6864
:103E30001B8D013B9AB2FB681A85FB685B8D9BB2B8
:103E4000013B9AB2FB685A85FB681B8D002B7FF4FF
:103E5000B6AEFB68202283F83D20FB68002283F881
:103E60003E20FB68002283F83C20002300E0022370
:103E700018462837BD4680BD0400010080B58CB0CF
:103E800002AFF860084611461A4603467B810B468E
:103E90003B811346FB80FEF7CDFC78620023FB617B
:103EA000FB6893F83D30DBB2202B40F07281934BDE
:103EB0001B68DB08924AA2FB03231A0A13469B00E5
:103EC00013449A001344FB61FB69013BFB61FB69EE
:103ED000002B12D1FB6800221A63FB68202283F8B2
:103EE0003D20FB68002283F83E20FB681B6C43F0FA
:103EF0002002FB681A6402234CE1FB681B689B6983
:103F000003F00203022BDFD0FB6893F83C30012B57
:103F100001D102233EE1FB68012283F83C20FB68CB
:103F20001B681B6803F00103012B07D0FB681B68AB
:103F30001A68FB681B6842F001021A60FB681B6884
:103F40001A68FB681B6822F400621A60FB68222270
:103F500083F83D20FB68402283F83E20FB68002266
:103F60001A64FB683A6B5A62FB68BA8E5A85FB6822
:103F70005B8D9AB2FB681A85FB68624ADA627A89BD
:103F8000FB685A643A89FB689A64FA88FB68DA64C9
:103F9000FB6800221A65FB681B8D002B00F0CC80AB
:103FA000FB689B6B002B2DD0FB689B6B564ADA633A
:103FB000FB689B6B554ADA64FB689B6B00221A64B2
:103FC000FB689B6B00225A64FB689B6B00229A641F
:103FD000FB689B6B00221A65FB68986BFB681B688B
:103FE00010331946FB685B6A1A46FB681B8DFEF7A7
:103FF000BDFD034687F8233097F82330002B40F0AF
:10400000878013E0FB68202283F83D20FB680022B4
:1040100083F83E20FB681B6C43F08002FB681A6447
:10402000FB68002283F83C200123B3E0F8883A893A
:1040300079897B6A0193232300930346F86800F093
:104040006BF90346002B23D0FB689B6B1846FEF7E9
:1040500055FE034687F82330FB689B6B0022DA632A
:10406000FB681B681A68FB681B6822F480621A6090
:10407000FB6800221A85FB6800225A85FB681B68D2
:104080001A68FB681B6822F001021A60012381E0B4
:10409000FB681B8D012B08D1FB681B681A68FB6845
:1040A0001B6822F480621A6007E0FB681B685A688C
:1040B000FB681B6842F480525A600023BB61FB68B6
:1040C0001B685B69BB61FB681B689B69BB61BB6963
:1040D000FB68002283F83C20FB681B685A68FB6879
:1040E0001B6842F480725A60FB681B685A68FB6860
:1040F0001B6842F400625A6049E000BF28000020BB
:1041000089B5F8140000FFFFE9440008A74600083D
:10411000FB68202283F83D20FB68002283F83E20C4
:10412000FB681B6C43F01002FB681A64FB680022FA
:1041300083F83C2001232DE0F8883A8979897B6A4D
:104140000193232300930346F86800F0E5F8034643
:10415000002B01D001231DE000237B61FB681B685D
:104160005B697B61FB681B689B697B617B69FB68A2
:104170001B681A68FB681B6842F400721A60FB68CF
:10418000202283F83D20FB68002283F83C20002396
:1041900000E0022318462837BD4680BD80B483B0B6
:1041A00000AF786000BF0C37BD465DF8047B7047F8
:1041B00080B483B000AF786000BF0C37BD465DF8B7
:1041C000047B704780B483B000AF786000BF0C37C9
:1041D000BD465DF8047B704780B483B000AF786063
:1041E00000BF0C37BD465DF8047B704780B588B0D2
:1041F00002AFF860084611461A4603467B810B461B
:104200003B811346FB80FB681B681A68FB681B68D0
:1042100042F480721A607B6A00933B6A00224FF07E
:104220000111F86800F07CFA0346002B0DD0FB6802
:104230001B681B6803F48073B3F5807F03D1FB68B0
:104240004FF400721A6403235FE07B89DBB21A46E5
:10425000FB681B6802F0FE021A617B6A3A6A2D490C
:10426000F86800F0D7FA0346002B01D001234CE098
:1042700000237B61FB681B685B697B61FB681B68D3
:104280009B697B617B697A6A396AF86800F062FB36
:104290000346002B0DD0FB681B6C042B07D1FB6879
:1042A0001B681A68FB681B6842F400721A600123DD
:1042B0002BE0FB88012B05D13B89DAB2FB681B6838
:1042C0001A6121E03B891B0A9BB2DAB2FB681B68CA
:1042D0001A617A6A396AF86800F03CFB0346002BE1
:1042E0000DD0FB681B6C042B07D1FB681B681A6898
:1042F000FB681B6842F400721A60012305E03B89E9
:10430000DAB2FB681B681A61002318461837BD46ED
:1043100080BD00BF0200010080B588B002AFF86028
:10432000084611461A4603467B810B463B811346DD
:10433000FB80FB681B681A68FB681B6842F480629C
:104340001A60FB681B681A68FB681B6842F480727D
:104350001A607B6A00933B6A00224FF00111F868F3
:1043600000F0DEF90346002B0DD0FB681B681B68CC
:1043700003F48073B3F5807F03D1FB684FF40072C0
:104380001A640323AAE07B89DBB21A46FB681B6828
:1043900002F0FE021A617B6A3A6A5249F86800F03C
:1043A00039FA0346002B01D0012397E000237B61FB
:1043B000FB681B685B697B61FB681B689B697B61B1
:1043C0007B697A6A396AF86800F0C4FA0346002B00
:1043D0000DD0FB681B6C042B07D1FB681B681A68A7
:1043E000FB681B6842F400721A60012376E0FB88C8
:1043F000012B05D13B89DAB2FB681B681A6121E009
:104400003B891B0A9BB2DAB2FB681B681A617A6AA5
:10441000396AF86800F09EFA0346002B0DD0FB685D
:104420001B6C042B07D1FB681B681A68FB681B68B0
:1044300042F400721A60012350E03B89DAB2FB6853
:104440001B681A617A6A396AF86800F083FA0346D1
:10445000002B0DD0FB681B6C042B07D1FB681B687D
:104460001A68FB681B6842F400721A60012335E089
:10447000FB681B681A68FB681B6842F480721A604C
:104480007B6A00933B6A00224FF00111F86800F04C
:1044900047F90346002B0DD0FB681B681B6803F42B
:1044A0008073B3F5807F03D1FB684FF400721A6408
:1044B000032313E07B89DBB243F00103DAB2FB682C
:1044C0001B681A617B6A3A6A0649F86800F0A2F92B
:1044D0000346002B01D0012300E0002318461837C3
:1044E000BD4680BD0200010080B586B000AF786097
:1044F0007B689B6B7B617B6993F83D30FB747B69C8
:1045000093F83E30BB747B69DB6AFB607B691B6898
:104510005A687B691B6822F440725A607B695B6B46
:10452000002B03D07B695B6B0022DA637B699B6B9A
:10453000002B03D07B699B6B0022DA63FB7C03F0CA
:104540002103212B07D0FB7C03F02203222B31D146
:10455000BB7C202B2ED17B691B685A687B691B684A
:1045600022F400625A607B6900225A85FB7C292B69
:104570000AD17B6921221A637B69282283F83D20B6
:104580007869FFF715FE0CE0FB7C2A2B09D17B69CB
:1045900022221A637B69282283F83D207869FFF77D
:1045A00011FE7B691B685A687B691B6842F4407284
:1045B0005A6074E07B6993F83E30DBB2002B6ED01A
:1045C0007B695B8D9BB2012B07D17B691B681A68E5
:1045D0007B691B6822F480621A607B691B685A68D9
:1045E0007B691B6822F440725A60FB6813F5803FB8
:1045F00009D0FB68082B06D0FB68B3F12A4F02D024
:10460000FB68202B07D17B691B681A687B691B68D4
:1046100042F400721A607B691B685A687B691B68E8
:1046200022F480525A607B691B685A687B691B6858
:1046300022F400625A607B6900225A857B691B6CF8
:10464000002B03D07869FFF7C7FD28E07B692022A3
:1046500083F83D207B6993F83E30DBB2402B0AD1D2
:104660007B69002283F83E207B6900221A63786907
:10467000FDF76EFB13E07B69002283F83E20FB68A8
:10468000082B02D0FB68202B03D17B6900221A6320
:1046900002E07B6912221A637869FFF77FFD00BF91
:1046A0001837BD4680BD80B584B000AF78607B68A8
:1046B0009B6BFB60FB685B6B002B03D0FB685B6B49
:1046C0000022DA63FB689B6B002B03D0FB689B6BBB
:1046D0000022DA637868FEF7BDFC0346022B1BD08C
:1046E000FB681B681A68FB681B6822F480621A600A
:1046F000FB6800225A85FB68202283F83D20FB6876
:10470000002283F83E20FB681B6C43F01002FB681C
:104710001A64F868FFF760FD00BF1037BD4680BD22
:1047200080B584B000AFF860B9603B601346FB71A0
:1047300048E03B68B3F1FF3F44D0FEF77BF8024608
:10474000BB69D31A3A689A4202D33B68002B39D12D
:10475000BB681B0CDBB2012B0DD1FB681B685B69CE
:10476000DA43BB6813409BB2002B0CBF012300232C
:10477000DBB21A460CE0FB681B689B69DA43BB6836
:1047800013409BB2002B0CBF01230023DBB21A465F
:10479000FB799A4216D1FB6800221A63FB6820223B
:1047A00083F83D20FB68002283F83E20FB681B6CE9
:1047B00043F02002FB681A64FB68002283F83C2067
:1047C000012323E0BB681B0CDBB2012B0DD1FB687E
:1047D0001B685B69DA43BB6813409BB2002B0CBFBC
:1047E00001230023DBB21A460CE0FB681B689B69BF
:1047F000DA43BB6813409BB2002B0CBF012300239C
:10480000DBB21A46FB799A4293D000231846103740
:10481000BD4680BD80B584B000AFF860B9607A60F5
:104820003B6071E0FB681B685B6903F48063B3F570
:10483000806F23D1FB681B681A68FB681B6842F411
:1048400000721A60FB681B686FF480625A61FB6833
:1048500000221A63FB68202283F83D20FB680022B7
:1048600083F83E20FB681B6C43F00402FB681A646B
:10487000FB68002283F83C20012367E07B68B3F1EA
:10488000FF3F41D0FDF7D6FF02463B68D31A7A6856
:104890009A4202D37B68002B36D1BB681B0CDBB27B
:1048A000012B0CD1FB681B685B69DA43BB681340C2
:1048B0009BB2002B14BF01230023DBB20BE0FB688B
:1048C0001B689B69DA43BB6813409BB2002B14BF83
:1048D00001230023DBB2002B16D0FB6800221A63F1
:1048E000FB68202283F83D20FB68002283F83E20ED
:1048F000FB681B6C43F02002FB681A64FB68002213
:1049000083F83C20012321E0BB681B0CDBB2012BA8
:104910000CD1FB681B685B69DA43BB6813409BB230
:10492000002B14BF01230023DBB20BE0FB681B68E4
:104930009B69DA43BB6813409BB2002B14BF012371
:104940000023DBB2002B7FF46DAF00231846103735
:10495000BD4680BD80B584B000AFF860B9607A60B4
:1049600034E0F86800F0E3F80346002B01D001239F
:1049700034E0BB68B3F1FF3F28D0FDF75BFF024690
:104980007B68D31ABA689A4202D3BB68002B1DD148
:10499000FB681B685B6903F08003802B16D0FB6803
:1049A00000221A63FB68202283F83D20FB68002266
:1049B00083F83E20FB681B6C43F02002FB681A64FE
:1049C000FB68002283F83C20012307E0FB681B689A
:1049D0005B6903F08003802BC3D100231846103796
:1049E000BD4680BD80B584B000AFF860B9607A6024
:1049F00034E0F86800F09BF80346002B01D0012357
:104A000034E0BB68B3F1FF3F28D0FDF713FF024647
:104A10007B68D31ABA689A4202D3BB68002B1DD1B7
:104A2000FB681B685B6903F00403042B16D0FB686A
:104A300000221A63FB68202283F83D20FB680022D5
:104A400083F83E20FB681B6C43F02002FB681A646D
:104A5000FB68002283F83C20012307E0FB681B6809
:104A60005B6903F00403042BC3D1002318461037FD
:104A7000BD4680BD80B584B000AFF860B9607A6093
:104A800049E0FB681B685B6903F01003102B19D128
:104A9000FB681B686FF010025A61FB6800221A6302
:104AA000FB68202283F83D20FB68002283F83E202B
:104AB000FB681A6CFB681A64FB68002283F83C20D0
:104AC000012330E0FDF7B6FE02467B68D31ABA68D0
:104AD0009A4202D3BB68002B1DD1FB681B685B693F
:104AE00003F04003402B16D0FB6800221A63FB68DA
:104AF000202283F83D20FB68002283F83E20FB68DB
:104B00001B6C43F02002FB681A64FB68002283F8E8
:104B10003C20012307E0FB681B685B6903F040034E
:104B2000402BAED1002318461037BD4680BD80B45F
:104B300083B000AF78607B681B685B6903F48063B7
:104B4000B3F5806F1BD17B681B686FF480625A617C
:104B50007B6800221A637B68202283F83D207B68F3
:104B6000002283F83E207B681B6C43F004027B68C4
:104B70001A647B68002283F83C20012300E00023B4
:104B800018460C37BD465DF8047B704780B586B08B
:104B900000AF78607B68002B01D1012367E27B685E
:104BA0001B6803F00103002B75D0884B9B6803F052
:104BB0000C03042B0CD0854B9B6803F00C03082BD3
:104BC00012D1824B5B6803F48003B3F5800F0BD1E5
:104BD0007E4B1B6803F40033002B5BD07B685B6863
:104BE000002B57D1012342E27B685B68B3F5803F1D
:104BF00006D1764B1B68754A43F4803313601DE081
:104C00007B685B68B3F5A02F0CD1704B1B686F4AB3
:104C100043F4802313606D4B1B686C4A43F480336C
:104C200013600BE0694B1B68684A23F48033136000
:104C3000664B1B68654A23F4802313607B685B68BE
:104C4000002B13D0FDF7F6FD386108E0FDF7F2FD0B
:104C500002463B69D31A642B01D9032307E25B4B5D
:104C60001B6803F40033002BF0D014E0FDF7E2FDE5
:104C7000386108E0FDF7DEFD02463B69D31A642B7C
:104C800001D90323F3E1514B1B6803F40033002BDC
:104C9000F0D100E000BF7B681B6803F00203002B2B
:104CA00063D04A4B9B6803F00C03002B0BD0474B9F
:104CB0009B6803F00C03082B1CD1444B5B6803F486
:104CC0008003002B16D1414B1B6803F00203002B1D
:104CD00005D07B68DB68012B01D00123C7E13B4B8A
:104CE0001B6823F0F8027B681B69DB00374913431C
:104CF0000B603AE07B68DB68002B20D0344B01224C
:104D00001A60FDF797FD386108E0FDF793FD024654
:104D10003B69D31A022B01D90323A8E12B4B1B6853
:104D200003F00203002BF0D0284B1B6823F0F8029D
:104D30007B681B69DB00254913430B6015E0244B9E
:104D400000221A60FDF776FD386108E0FDF772FD7C
:104D500002463B69D31A022B01D9032387E11B4B7F
:104D60001B6803F00203002BF0D17B681B6803F083
:104D70000803002B36D07B685B69002B16D0154BDF
:104D800001221A60FDF756FD386108E0FDF752FD7B
:104D900002463B69D31A022B01D9032367E10B4B6F
:104DA0005B6F03F00203002BF0D01BE0094B0022E5
:104DB0001A60FDF73FFD38610EE0FDF73BFD02464E
:104DC0003B69D31A022B07D9032350E10038024074
:104DD00000004742800E4742884B5B6F03F002039E
:104DE000002BEAD17B681B6803F00403002B00F062
:104DF00097800023FB75814B1B6C03F08053002BC5
:104E00000FD10023BB607D4B1B6C7C4A43F0805369
:104E100013647A4B1B6C03F08053BB60BB680123A7
:104E2000FB75774B1B6803F48073002B18D1744B10
:104E30001B68734A43F480731360FDF7FBFC386111
:104E400008E0FDF7F7FC02463B69D31A022B01D9B3
:104E500003230CE16A4B1B6803F48073002BF0D032
:104E60007B689B68012B06D1644B1B6F634A43F040
:104E7000010313671CE07B689B68052B0CD15F4B1B
:104E80001B6F5E4A43F0040313675C4B1B6F5B4A66
:104E900043F0010313670BE0584B1B6F574A23F095
:104EA00001031367554B1B6F544A23F00403136728
:104EB0007B689B68002B15D0FDF7BCFC38610AE0CD
:104EC000FDF7B8FC02463B69D31A41F2883293429F
:104ED00001D90323CBE0494B1B6F03F00203002BE6
:104EE000EED014E0FDF7A6FC38610AE0FDF7A2FC65
:104EF00002463B69D31A41F28832934201D9032317
:104F0000B5E03E4B1B6F03F00203002BEED1FB7D9F
:104F1000012B05D1394B1B6C384A23F080531364A5
:104F20007B689B69002B00F0A180344B9B6803F0E9
:104F30000C03082B5CD07B689B69022B41D1314B61
:104F400000221A60FDF776FC386108E0FDF772FC7C
:104F500002463B69D31A022B01D9032387E0274B72
:104F60001B6803F00073002BF0D17B68DA697B6863
:104F70001B6A1A437B685B6A9B011A437B689B6AC6
:104F80005B08013B1B041A437B68DB6A1B061B4959
:104F900013434B601B4B01221A60FDF74BFC386139
:104FA00008E0FDF747FC02463B69D31A022B01D902
:104FB00003235CE0114B1B6803F00073002BF0D05F
:104FC00054E0104B00221A60FDF734FC386108E011
:104FD000FDF730FC02463B69D31A022B01D90323AB
:104FE00045E0064B1B6803F00073002BF0D13DE059
:104FF0007B689B69012B07D1012338E00038024010
:1050000000700040600047421B4B5B68FB607B68A0
:105010009B69012B28D0FB6803F480027B68DB6965
:105020009A4221D1FB6803F03F027B681B6A9A42D7
:105030001AD1FA6847F6C07313407A68526A92012F
:10504000934211D1FB6803F440327B689B6A5B0892
:10505000013B1B049A4207D1FB6803F070627B6836
:10506000DB6A1B069A4201D0012300E000231846A8
:105070001837BD4680BD00BF0038024080B584B0FF
:1050800000AF786039607B68002B01D10123CCE050
:10509000684B1B6803F007033A689A420CD9654BCA
:1050A0003A68D2B21A70634B1B6803F007033A6880
:1050B0009A4201D00123B8E07B681B6803F0020329
:1050C000002B20D07B681B6803F00403002B05D065
:1050D000594B9B68584A43F4E05393607B681B68C4
:1050E00003F00803002B05D0534B9B68524A43F44E
:1050F00060439360504B9B6823F0F0027B689B6891
:105100004D4913438B607B681B6803F00103002B40
:1051100044D07B685B68012B07D1474B1B6803F4C5
:105120000033002B19D101237FE07B685B68022BE1
:1051300003D07B685B68032B07D13F4B1B6803F0F0
:105140000073002B09D101236FE03B4B1B6803F078
:105150000203002B01D1012367E0374B9B6823F04A
:1051600003027B685B68344913438B60FDF762FB85
:10517000F8600AE0FDF75EFB0246FB68D31A41F2D5
:105180008832934201D903234FE02B4B9B6803F0F5
:105190000C027B685B689B009A42EBD1254B1B6835
:1051A00003F007033A689A420CD2224B3A68D2B213
:1051B0001A70204B1B6803F007033A689A4201D02B
:1051C000012332E07B681B6803F00403002B08D046
:1051D000194B9B6823F4E0527B68DB681649134344
:1051E0008B607B681B6803F00803002B09D0124B0F
:1051F0009B6823F460427B681B69DB000E49134304
:105200008B6000F021F802460B4B9B681B0903F0F2
:105210000F030A49CB5C22FA03F3094A1360094BD6
:105220001B681846FDF7D8F8002318461037BD460E
:1052300080BD00BF003C024000380240E80E01087B
:10524000280000202C0000202DE9B04F90B000AFC6
:1052500000237B630023FB6300233B630023BB63CA
:10526000594B9B6803F00C03082B0DD0082B00F260
:10527000A180002B02D0042B03D09BE0534BBB63D7
:105280009BE0534BBB6398E04F4B5B6803F03F03DD
:105290007B634D4B5B6803F48003002B28D04A4BA3
:1052A0005B689B0900223B627A623B6AC3F3080099
:1052B0000021474B03FB01F2002300FB03F31344DF
:1052C000434AA0FB0212FA620A46BA62FA6A13441F
:1052D000FB627B6B0022BB61FA61D7E90623D7E949
:1052E0000A01FBF7D9FC02460B461346FB6353E069
:1052F000354B5B689B0900223B617A613B69C3F3D4
:10530000080A4FF0000B52465B464FF000004FF08A
:105310000001590141EAD261500102460B46B2EB4D
:105320000A0863EB0B094FF000024FF000034FEA4D
:10533000891343EA98634FEA8812B2EB080463EBDF
:1053400009054FF000024FF00003EB0043EA5473ED
:10535000E20014461D4614EB0A033B6045EB0B03C9
:105360007B604FF000024FF00003D7E9004529466B
:105370008B02214643EA915321468A021046194680
:105380007B6B0022BB60FA60D7E90223FBF784FC49
:1053900002460B461346FB630B4B5B681B0C03F08A
:1053A000030301335B003B63FA6B3B6BB2FBF3F32C
:1053B000BB6302E0054BBB6300BFBB6B18464037C5
:1053C000BD46BDE8B08F00BF003802400024F400A5
:1053D00040787D0180B400AF034B1B681846BD4682
:1053E0005DF8047B704700BF2800002080B500AF47
:1053F000FFF7F0FF0246054B9B689B0A03F007038B
:105400000349CB5C22FA03F3184680BD0038024002
:10541000F80E010880B500AFFFF7DCFF0246054B30
:105420009B685B0B03F007030349CB5C22FA03F391
:10543000184680BD00380240F80E010880B483B0E1
:1054400000AF786039607B680F221A60124B9B684E
:1054500003F003027B685A600F4B9B6803F0F00275
:105460007B689A600C4B9B6803F4E0527B68DA60BF
:10547000094B9B68DB0803F4E0527B681A61074B19
:105480001B6803F007023B681A6000BF0C37BD467B
:105490005DF8047B704700BF00380240003C0240CA
:1054A00080B582B000AF78607B68002B01D101230A
:1054B00041E07B6893F83D30DBB2002B06D17B687E
:1054C000002283F83C207868FCF746FD7B680222C6
:1054D00083F83D207B681A687B68043319461046C0
:1054E00000F03CFC7B68012283F846207B680122A7
:1054F00083F83E207B68012283F83F207B680122ED
:1055000083F840207B68012283F841207B680122D8
:1055100083F842207B68012283F843207B680122C4
:1055200083F844207B68012283F845207B680122B0
:1055300083F83D20002318460837BD4680BD000093
:1055400080B485B000AF78607B6893F83D30DBB203
:10555000012B01D0012344E07B68022283F83D2027
:105560007B681B68DA687B681B6842F00102DA60BE
:105570007B681B681E4A934218D07B681B68B3F196
:10558000804F13D07B681B681A4A93420ED07B6809
:105590001B68194A934209D07B681B68174A9342DB
:1055A00004D07B681B68164A934211D17B681B6844
:1055B0009B6803F00703FB60FB68062B10D07B6839
:1055C0001B681A687B681B6842F001021A6007E0DA
:1055D0007B681B681A687B681B6842F001021A60CE
:1055E000002318461437BD465DF8047B704700BFA2
:1055F000000001400004004000080040000C004092
:105600000040014080B582B000AF78607B68002B1D
:1056100001D1012341E07B6893F83D30DBB2002BE0
:1056200006D17B68002283F83C20786800F039F8C6
:105630007B68022283F83D207B681A687B6804330C
:105640001946104600F08AFB7B68012283F8462049
:105650007B68012283F83E207B68012283F83F208B
:105660007B68012283F840207B68012283F8412077
:105670007B68012283F842207B68012283F8432063
:105680007B68012283F844207B68012283F845204F
:105690007B68012283F83D20002318460837BD4669
:1056A00080BD80B483B000AF786000BF0C37BD46CA
:1056B0005DF8047B7047000080B584B000AF78606F
:1056C00039603B68002B09D17B6893F83E30DBB230
:1056D000012B14BF01230023DBB222E03B68042B23
:1056E00009D17B6893F83F30DBB2012B14BF012353
:1056F0000023DBB215E03B68082B09D17B6893F8E7
:105700004030DBB2012B14BF01230023DBB208E0E1
:105710007B6893F84130DBB2012B14BF01230023D7
:10572000DBB2002B01D0012368E03B68002B04D1E1
:105730007B68022283F83E2013E03B68042B04D1EF
:105740007B68022283F83F200BE03B68082B04D1E2
:105750007B68022283F8402003E07B68022283F802
:1057600041207B681B6801223968184600F0A8FDBB
:105770007B681B68234A934207D17B681B685A6C7D
:105780007B681B6842F400425A647B681B681D4AB0
:10579000934218D07B681B68B3F1804F13D07B68AD
:1057A0001B68194A93420ED07B681B68174A9342C4
:1057B00009D07B681B68164A934204D07B681B683B
:1057C000144A934211D17B681B689B6803F007035E
:1057D000FB60FB68062B10D07B681B681A687B682F
:1057E0001B6842F001021A6007E07B681B681A68B8
:1057F0007B681B6842F001021A60002318461037CC
:10580000BD4680BD0000014000040040000800408B
:10581000000C00400040014080B584B000AF7860CB
:105820007B681B68DB68FB607B681B681B69BB606F
:10583000BB6803F00203002B20D0FB6803F00203D7
:10584000002B1BD07B681B686FF002021A617B681B
:1058500001221A777B681B689B6903F00303002B06
:1058600003D0786800F05BFA05E0786800F04DFA44
:10587000786800F05EFA7B6800221A77BB6803F054
:105880000403002B20D0FB6803F00403002B1BD083
:105890007B681B686FF004021A617B6802221A772A
:1058A0007B681B689B6903F44073002B03D0786806
:1058B00000F035FA05E0786800F027FA786800F023
:1058C00038FA7B6800221A77BB6803F00803002BC4
:1058D00020D0FB6803F00803002B1BD07B681B68FB
:1058E0006FF008021A617B6804221A777B681B68D4
:1058F000DB6903F00303002B03D0786800F00FFA94
:1059000005E0786800F001FA786800F012FA7B6828
:1059100000221A77BB6803F01003002B20D0FB682D
:1059200003F01003002B1BD07B681B686FF0100284
:105930001A617B6808221A777B681B68DB6903F4AD
:105940004073002B03D0786800F0E9F905E078682F
:1059500000F0DBF9786800F0ECF97B6800221A7738
:10596000BB6803F00103002B0CD0FB6803F00103BC
:10597000002B07D07B681B686FF001021A61786802
:10598000FCF718FABB6803F08003002B0CD0FB680F
:1059900003F08003002B07D07B681B686FF0800248
:1059A0001A61786800F02AFDBB6803F04003002B01
:1059B0000CD0FB6803F04003002B07D07B681B680A
:1059C0006FF040021A61786800F0BDF9BB6803F01F
:1059D0002003002B0CD0FB6803F02003002B07D022
:1059E0007B681B686FF020021A61786800F0FCFC8D
:1059F00000BF1037BD4680BD80B586B000AFF860EF
:105A0000B9607A600023FB75FB6893F83C30012B8A
:105A100001D10223AEE0FB68012283F83C207B68C1
:105A20000C2B00F29F8001A252F823F0615A00086B
:105A3000655B0008655B0008655B0008A15A00080B
:105A4000655B0008655B0008655B0008E35A0008B9
:105A5000655B0008655B0008655B0008235B000868
:105A6000FB681B68B968184600F004FAFB681B68FD
:105A70009A69FB681B6842F008029A61FB681B6820
:105A80009A69FB681B6822F004029A61FB681B6834
:105A90009969BB681A69FB681B680A439A6164E0EC
:105AA000FB681B68B968184600F04AFAFB681B6877
:105AB0009A69FB681B6842F400629A61FB681B6884
:105AC0009A69FB681B6822F480629A61FB681B6814
:105AD0009969BB681B691A02FB681B680A439A61D3
:105AE00043E0FB681B68B968184600F095FAFB684C
:105AF0001B68DA69FB681B6842F00802DA61FB6820
:105B00001B68DA69FB681B6822F00402DA61FB6833
:105B10001B68D969BB681A69FB681B680A43DA61AC
:105B200023E0FB681B68B968184600F0DFFAFB68E1
:105B30001B68DA69FB681B6842F40062DA61FB6883
:105B40001B68DA69FB681B6822F48062DA61FB6813
:105B50001B68D969BB681B691A02FB681B680A438A
:105B6000DA6102E00123FB7500BFFB68002283F8C5
:105B70003C20FB7D18461837BD4680BD80B584B0FB
:105B800000AF786039600023FB737B6893F83C308A
:105B9000012B01D10223B4E07B68012283F83C2071
:105BA0007B68022283F83D207B681B689B68BB6092
:105BB000BB6823F07703BB60BB6823F47F43BB6003
:105BC0007B681B68BA689A603B681B68B3F5005F26
:105BD0003ED0B3F5005F00F28780B3F5805F00F040
:105BE0008680B3F5805F7FD8702B1AD0702B7BD85E
:105BF000602B50D0602B77D8502B3CD0502B73D8D3
:105C0000402B58D0402B6FD8302B64D0302B6BD822
:105C1000202B60D0202B67D8002B5CD0102B5AD0C3
:105C200062E07B6818683B6899683B685A683B6823
:105C3000DB6800F025FB7B681B689B68BB60BB686A
:105C400043F07703BB607B681B68BA689A604FE0DB
:105C50007B6818683B6899683B685A683B68DB68F2
:105C600000F00EFB7B681B689A687B681B6842F437
:105C700080429A603CE07B6818683B6859683B68E2
:105C8000DB681A4600F082FA7B681B6850211846D0
:105C900000F0DBFA2CE07B6818683B6859683B68C9
:105CA000DB681A4600F0A1FA7B681B686021184681
:105CB00000F0CBFA1CE07B6818683B6859683B68C9
:105CC000DB681A4600F062FA7B681B6840211846C0
:105CD00000F0BBFA0CE07B681A683B681B68194649
:105CE000104600F0B2FA03E00123FB7300E000BFAE
:105CF0007B68012283F83D207B68002283F83C20EA
:105D0000FB7B18461037BD4680BD80B483B000AF22
:105D1000786000BF0C37BD465DF8047B704780B4E7
:105D200083B000AF786000BF0C37BD465DF8047BE0
:105D3000704780B483B000AF786000BF0C37BD46B9
:105D40005DF8047B704780B483B000AF786000BF1B
:105D50000C37BD465DF8047B7047000080B485B009
:105D600000AF786039607B681B68FB607B683A4AEB
:105D700093420FD07B68B3F1804F0BD07B68374ADA
:105D8000934207D07B68364A934203D07B68354AFA
:105D9000934208D1FB6823F07003FB603B685B68AB
:105DA000FA681343FB607B682B4A93421BD07B68E5
:105DB000B3F1804F17D07B68284A934213D07B6899
:105DC000274A93420FD07B68264A93420BD07B68C8
:105DD000254A934207D07B68244A934203D07B68CC
:105DE000234A934208D1FB6823F44073FB603B686D
:105DF000DB68FA681343FB60FB6823F080023B68B2
:105E00005B691343FB607B68FA681A603B689A68B9
:105E10007B68DA623B681A687B689A627B680E4A24
:105E2000934203D13B681A697B681A637B6801223D
:105E30005A617B681B6903F00103012B05D17B6864
:105E40001B6923F001027B681A6100BF1437BD464D
:105E50005DF8047B704700BF000001400004004073
:105E600000080040000C0040004001400044014098
:105E70000048014080B487B000AF786039607B682B
:105E80001B6A7B617B681B6A23F001027B681A62D4
:105E90007B685B683B617B689B69FB60FB6823F008
:105EA0007003FB60FB6823F00303FB603B681B6827
:105EB000FA681343FB607B6923F002037B613B6854
:105EC0009B687A6913437B617B681C4A93420CD1BF
:105ED0007B6923F008037B613B68DB687A691343C5
:105EE0007B617B6923F004037B617B68134A9342E7
:105EF00011D13B6923F480733B613B6923F4007348
:105F00003B613B685B693A6913433B613B689B6952
:105F10003A6913433B617B683A695A607B68FA6867
:105F20009A613B685A687B685A637B687A691A622F
:105F300000BF1C37BD465DF8047B70470000014080
:105F400080B487B000AF786039607B681B6A7B6182
:105F50007B681B6A23F010027B681A627B685B68AF
:105F60003B617B689B69FB60FB6823F4E043FB605B
:105F7000FB6823F44073FB603B681B681B02FA68F4
:105F80001343FB607B6923F020037B613B689B68C4
:105F90001B017A6913437B617B681E4A93420DD1D2
:105FA0007B6923F080037B613B68DB681B017A69B6
:105FB00013437B617B6923F040037B617B68154A57
:105FC000934213D13B6923F480633B613B6923F423
:105FD00000633B613B685B699B003A6913433B612B
:105FE0003B689B699B003A6913433B617B683A6954
:105FF0005A607B68FA689A613B685A687B689A6362
:106000007B687A691A6200BF1C37BD465DF8047B65
:10601000704700BF0000014080B487B000AF7860D7
:1060200039607B681B6A7B617B681B6A23F4807222
:106030007B681A627B685B683B617B68DB69FB603D
:10604000FB6823F07003FB60FB6823F00303FB6035
:106050003B681B68FA681343FB607B6923F4007399
:106060007B613B689B681B027A6913437B617B6899
:106070001D4A93420DD17B6923F400637B613B6829
:10608000DB681B027A6913437B617B6923F48063BD
:106090007B617B68144A934213D13B6923F480539C
:1060A0003B613B6923F400533B613B685B691B0127
:1060B0003A6913433B613B689B691B013A6913438F
:1060C0003B617B683A695A607B68FA68DA613B68D1
:1060D0005A687B68DA637B687A691A6200BF1C378A
:1060E000BD465DF8047B70470000014080B487B076
:1060F00000AF786039607B681B6A3B617B681B6A14
:1061000023F480527B681A627B685B687B617B68E2
:10611000DB69FB60FB6823F4E043FB60FB6823F46E
:106120004073FB603B681B681B02FA681343FB600B
:106130003B6923F400533B613B689B681B033A694E
:1061400013433B617B68104A934209D17B6923F476
:1061500080437B613B685B699B017A6913437B6188
:106160007B687A695A607B68FA68DA613B685A68CA
:106170007B681A647B683A691A6200BF1C37BD46A7
:106180005DF8047B704700BF0000014080B487B019
:1061900000AFF860B9607A60FB681B6A7B61FB68DE
:1061A0001B6A23F00102FB681A62FB689B693B6172
:1061B0003B6923F0F0033B617B681B013A691343A1
:1061C0003B617B6923F00A037B617A69BB681343F7
:1061D0007B61FB683A699A61FB687A691A6200BF61
:1061E0001C37BD465DF8047B704780B487B000AFB4
:1061F000F860B9607A60FB681B6A7B61FB681B6AA8
:1062000023F01002FB681A62FB689B693B613B69E3
:1062100023F470433B617B681B033A6913433B6182
:106220007B6923F0A0037B61BB681B017A69134380
:106230007B61FB683A699A61FB687A691A6200BF00
:106240001C37BD465DF8047B704780B485B000AF55
:10625000786039607B689B68FB60FB6823F07003A3
:10626000FB603A68FB68134343F00703FB607B68FD
:10627000FA689A6000BF1437BD465DF8047B70472A
:1062800080B487B000AFF860B9607A603B60FB68AB
:106290009B687B617B6923F47F437B613B681A02C7
:1062A0007B681A43BB6813437A6913437B61FB68BD
:1062B0007A699A6000BF1C37BD465DF8047B704761
:1062C00080B487B000AFF860B9607A60BB6803F053
:1062D0001F03012202FA03F37B61FB681A6A7B69E0
:1062E000DB431A40FB681A62FB681A6ABB6803F05A
:1062F0001F03796801FA03F31A43FB681A6200BFAF
:106300001C37BD465DF8047B7047000080B485B043
:1063100000AF786039607B6893F83C30012B01D185
:10632000022350E07B68012283F83C207B68022234
:1063300083F83D207B681B685B68FB607B681B689B
:106340009B68BB60FB6823F07003FB603B681B68C5
:10635000FA681343FB607B681B68FA685A607B68C5
:106360001B681C4A934218D07B681B68B3F1804FAE
:1063700013D07B681B68184A93420ED07B681B6859
:10638000164A934209D07B681B68154A934204D091
:106390007B681B68134A93420CD1BB6823F08003CF
:1063A000BB603B685B68BA681343BB607B681B6873
:1063B000BA689A607B68012283F83D207B680022DE
:1063C00083F83C20002318461437BD465DF8047B53
:1063D000704700BF0000014000040040000800407A
:1063E000000C00400040014080B483B000AF7860F2
:1063F00000BF0C37BD465DF8047B704780B483B0A6
:1064000000AF786000BF0C37BD465DF8047B704775
:1064100080B582B000AF78607B68002B01D101238A
:1064200042E07B6893F84130DBB2002B06D17B68F9
:10643000002283F840207868FBF714FE7B68242252
:1064400083F841207B681B68DA687B681B6822F44C
:106450000052DA60786800F097FF7B681B681A6961
:106460007B681B6822F490421A617B681B685A693A
:106470007B681B6822F02A025A617B681B68DA6815
:106480007B681B6842F40052DA607B6800225A6421
:106490007B68202283F841207B68202283F84220F9
:1064A0007B6800225A63002318460837BD4680BD2A
:1064B00080B584B000AFF860B9601346FB80FB681C
:1064C00093F84230DBB2202B12D1BB68002B02D0F4
:1064D000FB88002B01D101230BE0FB6800221A632B
:1064E000FB881A46B968F86800F0B3FC034600E080
:1064F000022318461037BD4680BD000080B58CB021
:1065000000AFF860B9601346FB80FB6893F8413038
:10651000DBB2202B56D1BB68002B02D0FB88002BAE
:1065200001D101234FE0BA68FB681A62FB68FA8860
:106530009A84FB68FA88DA84FB6800225A64FB6854
:10654000212283F84120FB689B6B214ADA63FB68B8
:106550009B6B204A1A64FB689B6B1F4ADA64FB68DA
:106560009B6B00221A6507F10803FB62FB68986BBE
:10657000FB6A1968FB681B6804331A46FB88FCF742
:10658000F5FAFB681B686FF040021A60FB681B6835
:106590001433BB61BB6953E8003F7B617B6943F007
:1065A0008003BB62FB681B681433BA6A7A623B6281
:1065B000396A7A6A41E80023FB61FB69002BE5D167
:1065C000002300E0022318463037BD4680BD00BFDF
:1065D000A16B00083B6C0008BF6D000880B584B05B
:1065E00000AFF860B9601346FB80FB6893F8423057
:1065F000DBB2202B12D1BB68002B02D0FB88002B12
:1066000001D101230BE0FB6800221A63FB881A46C4
:10661000B968F86800F058FC034600E00223184609
:106620001037BD4680BD000080B5BAB000AF7860BD
:106630007B681B681B68C7F8E4307B681B68DB68F5
:10664000C7F8E0307B681B685B69C7F8DC30002363
:10665000C7F8D8300023C7F8D430D7F8E43003F0B7
:106660000F03C7F8D830D7F8D830002B0FD1D7F8A0
:10667000E43003F02003002B09D0D7F8E03003F01A
:106680002003002B03D0786800F0BFFD5BE2D7F851
:10669000D830002B00F0DE80D7F8DC3003F00103A7
:1066A000002B06D1D7F8E03003F49073002B00F0F4
:1066B000D180D7F8E43003F00103002B0BD0D7F8DA
:1066C000E03003F48073002B05D07B685B6C43F0F3
:1066D00001027B685A64D7F8E43003F00403002B0E
:1066E0000BD0D7F8DC3003F00103002B05D07B681A
:1066F0005B6C43F002027B685A64D7F8E43003F025
:106700000203002B0BD0D7F8DC3003F00103002B81
:1067100005D07B685B6C43F004027B685A64D7F851
:10672000E43003F00803002B11D0D7F8E03003F079
:106730002003002B05D1D7F8DC3003F00103002B38
:1067400005D07B685B6C43F008027B685A647B6809
:106750005B6C002B00F0F281D7F8E43003F02003EB
:10676000002B08D0D7F8E03003F02003002B02D034
:10677000786800F04AFD7B681B685B6903F04003A2
:10678000402B0CBF01230023DBB2C7F8D4307B6859
:106790005B6C03F00803002B03D1D7F8D430002B37
:1067A0004FD0786800F052FC7B681B685B6903F08F
:1067B0004003402B41D17B681B681433C7F89C30E1
:1067C000D7F89C3053E8003FC7F89830D7F8983096
:1067D00023F04003C7F8D0307B681B681433D7F828
:1067E000D020C7F8A820C7F8A430D7F8A410D7F84D
:1067F000A82041E80023C7F8A030D7F8A030002B2C
:10680000D9D17B68DB6B002B13D07B68DB6B7E4AB6
:106810001A657B68DB6B1846FCF770FA0346002BA1
:1068200016D07B68DB6B1B6D7A68D26B104698477D
:106830000EE0786800F09EF90AE0786800F09AF9B6
:1068400006E0786800F096F97B6800225A6475E1EA
:1068500000BF73E17B681B6B012B40F04F81D7F8C1
:10686000E43003F01003002B00F04881D7F8E0304B
:1068700003F01003002B00F041810023BB607B6814
:106880001B681B68BB607B681B685B68BB60BB6880
:106890007B681B685B6903F04003402B40F0B680C7
:1068A0007B68DB6B1B685B68A7F8BE30B7F8BE304F
:1068B000002B00F045817B689B8DB7F8BE209A4283
:1068C00080F03E817B68B7F8BE20DA857B68DB6BA1
:1068D000DB69B3F5807F00F088807B681B680C3330
:1068E000C7F88830D7F8883053E8003FC7F88430BD
:1068F000D7F8843023F48073C7F8B8307B681B68FE
:106900000C33D7F8B820C7F89420C7F89030D7F8E0
:106910009010D7F8942041E80023C7F88C30D7F8BE
:106920008C30002BD9D17B681B6814337B677B6F5D
:1069300053E8003F3B673B6F23F00103C7F8B430D7
:106940007B681B681433D7F8B420C7F88020FB6736
:10695000F96FD7F8802041E80023BB67BB6F002B9D
:10696000E1D17B681B6814333B663B6E53E8003F04
:10697000FB65FB6D23F04003C7F8B0307B681B68F4
:106980001433D7F8B020FA66BB66B96EFA6E41E8E8
:1069900000237B667B6E002BE3D17B68202283F88B
:1069A00042207B6800221A637B681B680C33FB64FF
:1069B000FB6C53E8003FBB64BB6C23F01003C7F8CB
:1069C000AC307B681B680C33D7F8AC20BA657B65AC
:1069D000796DBA6D41E800233B653B6D002BE3D137
:1069E0007B68DB6B1846FCF719F97B6802225A6357
:1069F0007B689A8D7B68DB8D9BB2D31A9BB219465C
:106A0000786800F0C1F89BE0137100087B689A8DEC
:106A10007B68DB8D9BB2D31AA7F8CE307B68DB8D09
:106A20009BB2002B00F08E80B7F8CE30002B00F028
:106A300089807B681B680C33BB63BB6B53E8003FEA
:106A40007B637B6B23F49073C7F8C8307B681B684B
:106A50000C33D7F8C8207A643B64396C7A6C41E80F
:106A60000023FB63FB6B002BE3D17B681B681433B3
:106A70007B627B6A53E8003F3B623B6A23F0010381
:106A8000C7F8C4307B681B681433D7F8C4203A6356
:106A9000FB62F96A3A6B41E80023BB62BB6A002BD8
:106AA000E3D17B68202283F842207B6800221A63AE
:106AB0007B681B680C333B613B6953E8003FFB601C
:106AC000FB6823F01003C7F8C0307B681B680C33E9
:106AD000D7F8C020FA61BB61B969FA6941E80023BF
:106AE0007B617B69002BE3D17B6802225A63B7F894
:106AF000CE301946786800F047F823E0D7F8E43044
:106B000003F08003002B09D0D7F8E03003F08003B6
:106B1000002B03D0786800F010FB14E0D7F8E430C5
:106B200003F04003002B0ED0D7F8E03003F0400311
:106B3000002B08D0786800F050FB04E000BF02E0B2
:106B400000BF00E000BFE837BD4680BD80B483B021
:106B500000AF786000BF0C37BD465DF8047B70471E
:106B600080B483B000AF786000BF0C37BD465DF8DD
:106B7000047B704780B483B000AF786000BF0C37EF
:106B8000BD465DF8047B704780B483B000AF786089
:106B90000B467B8000BF0C37BD465DF8047B704719
:106BA00080B590B000AF78607B689B6BFB637B68BF
:106BB0001B681B6803F48073002B37D1FB6B00222A
:106BC000DA84FB6B1B6814337B627B6A53E8003FFB
:106BD0003B623B6A23F08003BB63FB6B1B6814338F
:106BE000BA6B3A63FB62F96A3A6B41E80023BB6215
:106BF000BB6A002BE5D1FB6B1B680C333B613B6927
:106C000053E8003FFB60FB6843F040037B63FB6B92
:106C10001B680C337A6BFA61BB61B969FA6941E8A8
:106C200000237B617B69002BE5D102E0F86BFBF769
:106C300057F800BF4037BD4680BD80B584B000AF77
:106C400078607B689B6BFB60F868FFF77FFF00BF95
:106C50001037BD4680BD80B59CB000AF78607B68C2
:106C60009B6BFB667B681B681B6803F48073002BBF
:106C700072D1FB6E0022DA85FB6E1B680C33FB645D
:106C8000FB6C53E8003FBB64BB6C23F48073BB66B2
:106C9000FB6E1B680C33BA6EBA657B65796DBA6D95
:106CA00041E800233B653B6D002BE5D1FB6E1B6883
:106CB0001433BB63BB6B53E8003F7B637B6B23F0F8
:106CC00001037B66FB6E1B6814337A6E7A643B6447
:106CD000396C7A6C41E80023FB63FB6B002BE5D138
:106CE000FB6E1B6814337B627B6A53E8003F3B6298
:106CF0003B6A23F040033B66FB6E1B6814333A6E1D
:106D00003A63FB62F96A3A6B41E80023BB62BB6AF3
:106D1000002BE5D1FB6E202283F84220FB6E1B6B1B
:106D2000012B19D1FB6E1B680C333B613B6953E8A7
:106D3000003FFB60FB6823F01003FB65FB6E1B68E4
:106D40000C33FA6DFA61BB61B969FA6941E8002355
:106D50007B617B69002BE5D1FB6E00225A63FB6EE1
:106D60001B6B012B06D1FB6E9B8D1946F86EFFF74E
:106D70000BFF02E0F86EFAF7C5FF00BF7037BD46A3
:106D800080BD80B584B000AF78607B689B6BFB6092
:106D9000FB6801225A63FB681B6B012B08D1FB685F
:106DA0009B8D5B089BB21946F868FFF7EDFE02E089
:106DB000F868FFF7D5FE00BF1037BD4680BD80B52F
:106DC00084B000AF78600023FB607B689B6BBB6086
:106DD000BB681B685B6903F08003802B0CBF012339
:106DE0000023DBB2FB60BB6893F84130DBB2212BA0
:106DF00008D1FB68002B05D0BB680022DA84B86894
:106E000000F0FCF8BB681B685B6903F04003402B93
:106E10000CBF01230023DBB2FB60BB6893F8423058
:106E2000DBB2222B08D1FB68002B05D0BB68002207
:106E3000DA85B86800F00AF9BB685B6C43F01002B1
:106E4000BB685A64B868FFF795FE00BF1037BD46AF
:106E500080BD80B485B000AFF860B9601346FB8098
:106E6000FB68BA689A62FB68FA889A85FB68FA88B8
:106E7000DA85FB6800225A64FB68222283F84220EC
:106E8000FB681B69002B07D0FB681B68DA68FB688E
:106E90001B6842F48072DA60FB681B685A69FB6801
:106EA0001B6842F001025A61FB681B68DA68FB68E4
:106EB0001B6842F02002DA60002318461437BD46F2
:106EC0005DF8047B7047000080B598B000AFF860B3
:106ED000B9601346FB80BA68FB689A62FB68FA885F
:106EE0009A85FB6800225A64FB68222283F84220BC
:106EF000FB68DB6B3E4ADA63FB68DB6B3D4A1A6476
:106F0000FB68DB6B3C4ADA64FB68DB6B00221A65CA
:106F100007F10803FB65FB68D86BFB681B6804334B
:106F20001946FB6D1A68FB88FBF720FE00233B61C6
:106F3000FB681B681B683B61FB681B685B683B6107
:106F40003B69FB681B69002B19D0FB681B680C337D
:106F50003B643B6C53E8003FFB63FB6B43F4807383
:106F6000BB65FB681B680C33BA6DFA64BB64B96C13
:106F7000FA6C41E800237B647B6C002BE5D1FB6855
:106F80001B681433FB62FB6A53E8003FBB62BB6AB9
:106F900043F001037B65FB681B6814337A6DBA63A9
:106FA0007B63796BBA6B41E800233B633B6B002B3F
:106FB000E5D1FB681B681433BB61BB6953E8003F34
:106FC0007B617B6943F040033B65FB681B681433BE
:106FD0003A6D7A623B62396A7A6A41E80023FB6162
:106FE000FB69002BE5D1002318466037BD4680BD04
:106FF000576C0008836D0008BF6D000880B489B02D
:1070000000AF78607B681B680C33FB60FB6853E85B
:10701000003FBB60BB6823F0C003FB617B681B685B
:107020000C33FA69BA617B617969BA6941E8002376
:107030003B613B69002BE5D17B68202283F841202E
:1070400000BF2437BD465DF8047B704780B495B01F
:1070500000AF78607B681B680C337B637B6B53E805
:10706000003F3B633B6B23F49073FB647B681B68BE
:107070000C33FA6C3A64FB63F96B3A6C41E8002319
:10708000BB63BB6B002BE5D17B681B6814333B6291
:107090003B6A53E8003FFB61FB6923F00103BB64DB
:1070A0007B681B681433BA6CFA62BB62B96AFA6A0D
:1070B00041E800237B627B6A002BE5D17B681B6B78
:1070C000012B19D17B681B680C33FB60FB6853E80C
:1070D000003FBB60BB6823F010037B647B681B68C8
:1070E0000C337A6CBA617B617969BA6941E8002333
:1070F0003B613B69002BE5D17B68202283F842206D
:107100007B6800221A6300BF5437BD465DF8047BDC
:10711000704780B584B000AF78607B689B6BFB6084
:10712000FB680022DA85FB680022DA84F868FFF742
:1071300021FD00BF1037BD4680BD80B485B000AFD3
:1071400078607B6893F84130DBB2212B3ED17B68BD
:107150009B68B3F5805F14D17B681B69002B10D14D
:107160007B681B6AFB60FB681B881A467B681B6890
:10717000C2F308025A607B681B6A9A1C7B681A6219
:1071800008E07B681B6A591C7A6811621A787B6870
:107190001B685A607B68DB8C9BB2013B9BB27A68B0
:1071A0001946D184002B0FD17B681B68DA687B6895
:1071B0001B6822F08002DA607B681B68DA687B68F3
:1071C0001B6842F04002DA60002300E00223184608
:1071D0001437BD465DF8047B704780B582B000AFC0
:1071E00078607B681B68DA687B681B6822F0400265
:1071F000DA607B68202283F841207868FAF770FD16
:10720000002318460837BD4680BD80B58CB000AF5E
:1072100078607B6893F84230DBB2222B40F0AE807E
:107220007B689B68B3F5805F17D17B681B69002B77
:1072300013D10023FB627B689B6ABB627B681B687F
:107240005B689BB2C3F308039AB2BB6A1A807B687F
:107250009B6A9A1C7B689A6226E07B689B6AFB6249
:107260000023BB627B689B68B3F5805F07D07B68B7
:107270009B68002B0AD17B681B69002B06D17B68B9
:107280001B685B68DAB2FB6A1A7008E07B681B68EF
:107290005B68DBB203F07F03DAB2FB6A1A707B68CB
:1072A0009B6A5A1C7B689A627B68DB8D9BB2013BB0
:1072B0009BB27A681946D185002B5DD17B681B682B
:1072C000DA687B681B6822F02002DA607B681B6842
:1072D000DA687B681B6822F48072DA607B681B685E
:1072E0005A697B681B6822F001025A617B68202280
:1072F00083F842207B6800225A637B681B6B012B5A
:1073000035D17B6800221A637B681B680C337B6174
:107310007B6953E8003F3B613B6923F010037B62CC
:107320007B681B680C337A6A3A62FB61F9693A6AD6
:1073300041E80023BB61BB69002BE5D17B681B687A
:107340001B6803F01003102B0AD10023FB607B683D
:107350001B681B68FB607B681B685B68FB60FB68E5
:107360007B689B8D19467868FFF70EFC02E0786811
:10737000FAF7C8FC002302E0002300E002231846CD
:107380003037BD4680BD00002DE9B04FC0B000AF22
:10739000C7F8F400D7F8F4301B681B6923F4405099
:1073A000D7F8F430D968D7F8F4301A6840EA010306
:1073B0001361D7F8F4309A68D7F8F4301B691A4390
:1073C000D7F8F4305B691A43D7F8F430DB6913431C
:1073D000C7F8F830D7F8F4301B68DB6823F416419F
:1073E00021F00C01D7F8F4301A68D7F8F8300B43C5
:1073F000D360D7F8F4301B685B6923F44070D7F88A
:10740000F4309969D7F8F4301A6840EA01035361FF
:10741000D7F8F4301A688F4B9A4205D0D7F8F43079
:107420001A688D4B9A4204D1FDF7F4FFC7F8FC00AF
:1074300003E0FDF7DBFFC7F8FC00D7F8F430DB69A9
:10744000B3F5004F40F00C81D7F8FC300022C7F8AC
:10745000E830C7F8EC20D7E93A4522462B46911888
:10746000B9655B41FB65D7E91623214612EB01089C
:10747000294643EB01094FF000024FF000034FEAA9
:10748000C90343EA58734FEAC80290469946234617
:1074900018EB0303C7F8E0302B4649EB0303C7F8AA
:1074A000E430D7F8F4305B680022C7F8D830C7F86A
:1074B000DC20D7E936120B46DB183B65134642EB5E
:1074C00003037B65D7E91423D7E93801F9F7E4FB17
:1074D00002460B46614BA3FB02235B091C01D7F854
:1074E000FC300022C7F8D030C7F8D420D7E934895F
:1074F00042464B469118B9645B41FB64D7E91223BD
:10750000414612EB010A494643EB010B4FF00002E2
:107510004FF000034FEACB0343EA5A734FEACA0223
:1075200092469B4643461AEB0303C7F8C8304B46C6
:107530004BEB0303C7F8CC30D7F8F4305B6800227C
:10754000C7F8C030C7F8C420D7E930120B46DB18A3
:107550003B64134642EB03037B64D7E91023D7E96E
:107560003201F9F799FB02460B4611463B4BA3FB50
:1075700001235B09642202FB03F3CB1ADB0003F156
:107580003202364BA3FB02235B095B0003F4F87362
:107590001C44D7F8FC300022C7F8B830C7F8BC202C
:1075A000D7E92E8942464B469118B9635B41FB638C
:1075B000D7E90E2341465118396349464B417B6355
:1075C0004FF000024FF00003D7E90CAB5946CB0057
:1075D000514643EA51735146CA00104619460346C4
:1075E00042469B18C7F8B0304B460A4642EB0303AD
:1075F000C7F8B430D7F8F4305B680022C7F8A83079
:10760000C7F8AC20D7E92A120B46DB18BB62134639
:1076100042EB0303FB62D7E90A23D7E92C01F9F710
:107620003BFB02460B460D4BA3FB02135B09642197
:1076300001FB03F3D31ADB003233084AA2FB032316
:107640005B0903F00702D7F8F4301B6822449A6004
:1076500006E100BF00100140001401401F85EB51FE
:10766000D7F8FC300022C7F8A030C7F8A420D7E92B
:10767000288942464B46911839625B417B62D7E9C3
:10768000082341465418494643EB01054FF00002D8
:107690004FF00003EB0043EA5473E20014461D462A
:1076A0004346E318C7F898304B4645EB0303C7F849
:1076B0009C30D7F8F4305B680022C7F89030C7F8E8
:1076C00094204FF000024FF00003D7E924452946EB
:1076D0008B00214643EA917321468A00D7E92601AF
:1076E000F9F7DAFA02460B46604BA3FB02235B096B
:1076F0001C01D7F8FC300022C7F88830C7F88C206E
:10770000D7E9228942464B469118B9615B41FB613A
:10771000D7E9062341465118396149464B417B61FF
:107720004FF000024FF00003D7E904AB5946CB00FD
:10773000514643EA51735146CA0010461946034662
:1077400042469B18C7F880304B460A4642EB03037B
:10775000C7F88430D7F8F4305B680022BB67FA675B
:107760004FF000024FF00003D7E91E8949468B0015
:10777000414643EA917341468A00D7E92001F9F76F
:107780008BFA02460B461146384BA3FB01235B09DB
:10779000642202FB03F3CB1A1B013233334AA2FBF0
:1077A00003235B0903F0F0031C44D7F8FC300022EC
:1077B0003B677A67D7E91C8942464B469118B96006
:1077C0005B41FB60D7E902234146511839604946C5
:1077D0004B417B604FF000024FF00003D7E900AB54
:1077E0005946CB00514643EA51735146CA001046F0
:1077F0001946034642469B18BB664B460A4642EB77
:107800000303FB66D7F8F4305B6800223B667A66B8
:107810004FF000024FF00003D7E9188949468B006A
:10782000414643EA917341468A00D7E91A01F9F7C4
:1078300033FA02460B460D4BA3FB02135B0964218E
:1078400001FB03F3D31A1B013233084AA2FB0323C3
:107850005B0903F00F02D7F8F4301B6822449A60EA
:1078600000BF07F58077BD46BDE8B08F1F85EB519F
:1078700080B584B000AF78600023FB737B68002B79
:1078800008D07B6818687B68043301221946FEF72C
:107890000FFE01E00223FB73FB7B18461037BD4649
:1078A00080BD80B588B000AF786039600023BB61CF
:1078B00000237B610123FB770023BB773B689B7B25
:1078C0003B730CE0FA7FFB7F013B39680A44927BF3
:1078D00020333B4403F8082CFB7F0133FB77FB7F0D
:1078E0003A6813441B79412BECD107F11803184671
:1078F00004F0F0FB0346DBB27B73FB7F3A68134472
:107900009B7BBB730FE0FB7F5A1CBB7F39680A442B
:10791000927B20333B4403F80C2CFB7F0133FB7735
:10792000BB7F0133BB77FB7F01333A6813449B7BFA
:10793000452BE8D107F11403184604F0CBFB0346AE
:107940009BB23B827B681A4607F10C0318681060F3
:107950009B88938078682037BD4680BD80B582B013
:1079600000AF7860154B1B780133DAB2134B1A70F5
:10797000124B1B78013B7A6813441B79452B0DD1C0
:107980007B6803F10E027B6804331946104606F04B
:107990002AFC0A4B00221A70F9F748FC7B68186829
:1079A000064B1B781A467B681344043301221946A0
:1079B000FEF77EFD00BF0837BD4680BD6006002093
:1079C000B0B586B000AF034687ED020AC7ED010AE5
:1079D000FB73D7ED017A9FED387AF4EEC77AF1EEBA
:1079E00010FA0FD5FB7B002B02D1DFED347A5EE07D
:1079F000FB7B07EE903AB8EEE77AD7ED026AC6EE67
:107A0000877A54E0FB7BFA7B02FB03F307EE903AA4
:107A1000B8EEE77AD7ED017A77EEA76AD7ED027A6A
:107A200066EEA77A77EE277AC7ED057AD7ED057A65
:107A3000F5EEC07AF1EE10FA02D5DFED207A36E0ED
:107A4000FB7B5B421846F8F775FD04460D467869E6
:107A5000F8F782FD02460B4643EC102B08F0ECFFD2
:107A600053EC102B20462946F8F718FC02460B462B
:107A700014461D467868F8F76FFD02460B4620460F
:107A80002946F8F7EBFE02460B4610461946F9F771
:107A9000B3F803463B61D7ED047AF5EEC07AF1EE18
:107AA00010FA02DDD7ED047A01E0DFED047AB0EEE2
:107AB000670A1837BD46B0BD0AD7233C0000C8424C
:107AC00080B485B000AF87ED010AD7ED017AB7EE3B
:107AD000007AF4EEC77AF1EE10FA02DB0023FB73B2
:107AE00034E0D7ED017AB7EE007AF4EEC77AF1EE22
:107AF00010FA0BD5D7ED017AB6EE007AF4EEC77A1C
:107B0000F1EE10FA02DB0123FB731FE0D7ED017ADF
:107B1000B6EE007AF4EEC77AF1EE10FA0BD5D7ED97
:107B2000017AB5EE007AF4EEC77AF1EE10FA02DBD4
:107B30000223FB730AE0D7ED017AB5EE007AF4EE8A
:107B4000C77AF1EE10FA01D50323FB73FB7B1846CD
:107B50001437BD465DF8047B704780B500AF00F078
:107B600085F900BF80BD80B584B000AF03463960A1
:107B7000FB710023FB73FB791946386800F0E0F8CD
:107B80000346002B02D00223FB730FE03B6898688A
:107B90003B689B8901221946FBF7CCFC3B681A68BD
:107BA0003B68DB8919461046FDF786FDFB7B1846CE
:107BB0001037BD4680BD80B584B000AF0346396044
:107BC000FB710023FB73FB791946386800F0B8F8A5
:107BD0000346002B02D00223FB730FE03B6898683A
:107BE0003B689B8900221946FBF7A4FC3B681A6896
:107BF0003B68DB8919461046FDF75EFDFB7B1846A6
:107C00001037BD4680BD000080B586B000AFBA60B9
:107C10007B600346FB730B46BB730023FB75BB7B8A
:107C20005A2B1AD8FB7BBA7B02FB03F31C4A82FB5C
:107C300003121A449211DB17D31ABB82FB7BB9687B
:107C40001846FFF790FFBB8ADBB2FA7BD31ADBB290
:107C500079681846FFF787FF1CE0BB7B5A2B19D9C0
:107C6000BB7BB42B16D8FB7BBA7B02FB03F30C4A1D
:107C700082FB03121A44D211DB17D31ABB82FB7B9F
:107C8000B9681846FFF76FFFBB8ADBB27968184600
:107C9000FFF791FFFB7D18461837BD4680BD00BF3A
:107CA000B7600BB680B586B000AFBA607B600346A4
:107CB000FB730B46BB730023FB75BB7B5A2B1AD897
:107CC000FB7BBA7B02FB03F31C4A82FB03121A44C0
:107CD0009211DB17D31ABB82FB7B79681846FFF73A
:107CE00042FFBB8ADBB2FA7BD31ADBB2B968184613
:107CF000FFF739FF1CE0BB7B5A2B19D9BB7BB42B98
:107D000016D8FB7BBA7B02FB03F30C4A82FB0312FF
:107D10001A44D211DB17D31ABB82FB7B7968184651
:107D2000FFF721FFBB8ADBB2B9681846FFF743FFB4
:107D3000FB7D18461837BD4680BD00BFB7600BB647
:107D400080B584B000AF78600B46FB700023FB73F6
:107D5000FB78642B02D90223FB733AE07B685B68F3
:107D60009B68002B0ED17B685B681B68602B09D178
:107D70007B685B689B68022B15D17B685B681B681E
:107D8000702B10D1FB787A681268D26802FB03F37B
:107D9000124AA2FB03235B09BB81BB8919467868A1
:107DA00000F01EF815E07B681B68DB689AB2FB7870
:107DB00079680968C96801FB03F30849A1FB03134B
:107DC0005B099BB2D31ABB81BB891946786800F066
:107DD00007F8FB7B18461037BD4680BD1F85EB5169
:107DE00080B483B000AF78600B467B807B68DB8912
:107DF0000C2B35D801A252F823F000BF317E0008C9
:107E0000617E0008617E0008617E00083D7E0008FA
:107E1000617E0008617E0008617E0008497E0008DE
:107E2000617E0008617E0008617E0008557E0008C2
:107E30007B681B681B687A885A6311E07B681B6843
:107E40001B687A889A630BE07B681B681B687A88DA
:107E5000DA6305E07B681B681B687A881A6400BFD8
:107E600000BF0C37BD465DF8047B704780B400AF9F
:107E7000124B134A1A60134B114A1A600F4B5B687E
:107E800060221A600F4B5B6800229A600B4B0E4A0F
:107E90009A600A4B02229A81084B0022DA81094B30
:107EA000094A9A60074B04229A81064B0422DA8120
:107EB00000BFBD465DF8047B704700BF640600202C
:107EC0000C030020740600200004024080B588B036
:107ED00004AF78607B6800225A727B6800229A7235
:107EE00000F0EEFA7B681B793B7200237B727B68A3
:107EF0005B79BB727B689B79FB727B681B68002B8C
:107F000050D07B6818687B68DB799BB25B0099B2C4
:107F1000642302930123019307F10F0300930123CC
:107F20007522FBF779FD0346002B01D002233AE0CE
:107F3000FB7B682B01D0012335E07B6818687B68E8
:107F4000DB799BB25B0099B2642302930423019313
:107F500007F10803009301231922FBF763FC034692
:107F6000002B01D002231EE008233B727B681868B7
:107F70007B68DB799BB25B0099B264230293012397
:107F8000019307F10803009301236B22FBF74AFCDE
:107F90000346002B01D0022305E07B680A225A72B7
:107FA000002300E0042318461037BD4680BD0000C2
:107FB00080B582B000AF786039607B683A68DA607B
:107FC0007B680122DA720E4B1B687A68928BD2436F
:107FD00011460B4A0B4013607B681B68002B07D0CF
:107FE000786800F00FF80346002B03D0012302E06D
:107FF000042300E0002318460837BD4680BD00BFBB
:10800000003C014080B584B002AF78607B681B689B
:10801000002B20D07B68DB68002B1CD07B685B7A50
:108020000A2B1AD17B6818687B68DB799BB25B00EE
:1080300099B27B6810330E220192009301233B22F8
:10804000FBF71CFF0346002B01D0022306E07B68F0
:1080500001229A7201E0042300E000231846083749
:10806000BD4680BD80B582B000AF78607B680222DB
:108070001A727B68DB7A002B07D10F4B1B687A687A
:10808000928B11460C4A0B4313607B685B7A0B2B77
:1080900008D1094B1B687A68928BD2431146064A75
:1080A0000B4013607B6802229A72F9F7ABF900BFAC
:1080B0000837BD4680BD00BF003C014080B582B09E
:1080C00000AF7860786800F003F9786800F008F88D
:1080D0007B6803229A7200BF0837BD4680BD00004E
:1080E00080B485B000AF78600023FB817B681B7E85
:1080F0001B021AB27B685B7E1BB21343FB817B6859
:108100005B79002B0AD1B7F90E3007EE903AB8EE42
:10811000E77ADFED6B6AC7EE267A2EE07B685B7943
:10812000082B0AD1B7F90E3007EE903AB8EEE77A8D
:10813000DFED646AC7EE267A1FE07B685B79102B5F
:108140000AD1B7F90E3007EE903AB8EEE77ADFEDD4
:108150005E6AC7EE267A10E07B685B79182B0AD13D
:10816000B7F90E3007EE903AB8EEE77ADFED576ACE
:10817000C7EE267A01E0F7EE007A7B68DB68C3ED94
:10818000007A7B689B7E1B021AB27B68DB7E1BB287
:108190001343FB817B685B79002B0AD1B7F90E3062
:1081A00007EE903AB8EEE77ADFED456AC7EE267A39
:1081B0002EE07B685B79082B0AD1B7F90E3007EE09
:1081C000903AB8EEE77ADFED3F6AC7EE267A1FE015
:1081D0007B685B79102B0AD1B7F90E3007EE903A25
:1081E000B8EEE77ADFED386AC7EE267A10E07B68F2
:1081F0005B79182B0AD1B7F90E3007EE903AB8EE3A
:10820000E77ADFED326AC7EE267A01E0F7EE007A10
:108210007B68DB680433C3ED007A7B681B7F1B023D
:108220001AB27B685B7F1BB21343FB817B685B796F
:10823000002B0AD1B7F90E3007EE903AB8EEE77A84
:10824000DFED1F6AC7EE267A2EE07B685B79082B8C
:108250000AD1B7F90E3007EE903AB8EEE77ADFEDC3
:10826000196AC7EE267A1FE07B685B79102B0AD16A
:10827000B7F90E3007EE903AB8EEE77ADFED126A02
:10828000C7EE267A10E07B685B79182B0AD1B7F924
:108290000E3007EE903AB8EEE77ADFED0C6AC7EEE3
:1082A000267A01E0F7EE007A7B68DB680833C3EDDD
:1082B000007A00BF1437BD465DF8047B704700BFED
:1082C00000000343000083423333034233338341CE
:1082D00080B485B000AF78600023FB817B681B7C95
:1082E0001B021AB27B685B7C1BB21343FB817B6869
:1082F0009B79002B0AD1B7F90E3007EE903AB8EE11
:10830000E77ADFED6B6AC7EE267A2EE07B689B7911
:10831000082B0AD1B7F90E3007EE903AB8EEE77A9B
:10832000DFED646AC7EE267A1FE07B689B79102B2D
:108330000AD1B7F90E3007EE903AB8EEE77ADFEDE2
:108340005E6AC7EE267A10E07B689B79182B0AD10B
:10835000B7F90E3007EE903AB8EEE77ADFED576ADC
:10836000C7EE267A01E0F7EE007A7B68DB680C3313
:10837000C3ED007A7B689B7C1B021AB27B68DB7CB6
:108380001BB21343FB817B689B79002B0AD1B7F9A1
:108390000E3007EE903AB8EEE77ADFED456AC7EEA9
:1083A000267A2EE07B689B79082B0AD1B7F90E302C
:1083B00007EE903AB8EEE77ADFED3E6AC7EE267A2E
:1083C0001FE07B689B79102B0AD1B7F90E3007EEBE
:1083D000903AB8EEE77ADFED386AC7EE267A10E019
:1083E0007B689B79182B0AD1B7F90E3007EE903ACB
:1083F000B8EEE77ADFED316AC7EE267A01E0F7EEF4
:10840000007A7B68DB681033C3ED007A7B681B7DE4
:108410001B021AB27B685B7D1BB21343FB817B6836
:108420009B79002B0AD1B7F90E3007EE903AB8EEDF
:10843000E77ADFED1F6AC7EE267A2EE07B689B792C
:10844000082B0AD1B7F90E3007EE903AB8EEE77A6A
:10845000DFED186AC7EE267A1FE07B689B79102B48
:108460000AD1B7F90E3007EE903AB8EEE77ADFEDB1
:10847000126AC7EE267A10E07B689B79182B0AD126
:10848000B7F90E3007EE903AB8EEE77ADFED0B6AF7
:10849000C7EE267A01E0F7EE007A7B68DB681433DA
:1084A000C3ED007A00BF1437BD465DF8047B70470A
:1084B00000008046000000460000804500000045A6
:1084C00080B400AF0E4B0F4A1A600D4B07221A7191
:1084D0000B4B00225A710A4B00229A71084B6822FA
:1084E000DA71074B01221A72054B00225A72044BB3
:1084F00001229A8300BFBD465DF8047B704700BF30
:10850000840600205802002080B483B000AF786059
:1085100039607B683A681A6000BF0C37BD465DF869
:10852000047B704780B582B000AF78607B681868C4
:108530007B68063305221946FEF750F800BF08375E
:10854000BD4680BD80B483B000AF78607B685B7A45
:108550001B021AB27B681B7A1BB213431BB29AB27E
:108560007B681A8200BF0C37BD465DF8047B7047FC
:1085700080B483B000AF03463960FB7197F90730D0
:10858000002B0ADB3B68DAB20C4997F9073012017D
:10859000D2B20B4483F800230AE03B68DAB2084900
:1085A000FB7903F00F03043B1201D2B20B441A769D
:1085B00000BF0C37BD465DF8047B704700E100E06A
:1085C00000ED00E080B500AF054B1B6802F098FBA2
:1085D0000346012B01D003F07FFA00BF80BD00BF2E
:1085E00010E000E080B500AF00216FF00400FFF75D
:1085F000BFFF00BF80BD000080B483B000AFEFF3C9
:1086000005833B603B68002B03D06FF005037B6064
:108610000CE00A4B1B68002B05D1084B01221A60A5
:1086200000237B6002E04FF0FF337B607B681846DD
:108630000C37BD465DF8047B704700BFA4060020E0
:1086400080B582B000AFEFF305833B603B68002B41
:1086500003D06FF005037B6010E00B4B1B68012B10
:1086600009D1FFF7BFFF084B02221A6001F0BCFEE0
:1086700000237B6002E04FF0FF337B607B6818468D
:108680000837BD4680BD00BFA406002080B582B07B
:1086900000AFEFF305833B603B68002B03D001F094
:1086A000D1FF786002E001F0BDFF78607B6818467A
:1086B0000837BD4680BD80B400AF4FF47A731846CA
:1086C000BD465DF8047B704780B58EB004AFF8609E
:1086D000B9607A6000233B61EFF305837B617B69BE
:1086E000002B7ED1FB68002B7BD080233B621823BC
:1086F000FB6100237B624FF0FF33BB617B68002B83
:1087000045D07B681B68002B02D07B681B687B62AE
:108710007B689B69002B02D07B689B69FB61FB69CE
:10872000002B08D0FB69382B05D87B685B6803F009
:108730000103002B01D0002354E07B685B69002B10
:1087400003D07B685B699B083B627B689B68002B5E
:108750000ED07B68DB68AB2B0AD97B681B69002BCA
:1087600006D07B685B69002B02D00123BB6110E05F
:108770007B689B68002B0CD17B68DB68002B08D1E1
:108780007B681B69002B04D10023BB6101E000233F
:10879000BB61BB69012B10D17B681B697A68926849
:1087A00002920193FB690093BB683A6A796AF868A0
:1087B00001F0ACFB03463B6113E0BB69002B10D119
:1087C0003B6A9AB207F110030193FB690093BB68FF
:1087D000796AF86801F0F7FB0346012B01D000230A
:1087E0003B613B6918462837BD4680BD80B584B0E3
:1087F00000AF7860EFF30583BB60BB68002B03D04C
:108800006FF00503FB6007E00023FB607B68002B33
:1088100002D0786801F0B4FDFB6818461037BD46F9
:1088200080BD80B586B000AF7860EFF30583FB6054
:10883000FB68002B03D06FF005037B6119E0002378
:108840007B6101F0EFFE0346BB60BB687A68D31A18
:108850003B613B69002B09D03B69002B06DB07F12C
:1088600008033969184601F00DFD02E06FF00303BB
:108870007B617B6918461837BD4680BD80B58AB0DC
:1088800002AFF860B9607A600023FB61EFF3058303
:108890003B613B69002B75D1FB68002B72D0BA6835
:1088A000FB689A426ED84FF0FF33BB617B68002BA8
:1088B00015D07B689B68002B06D07B68DB684F2B4C
:1088C00002D90123BB610CE07B689B68002B08D1B7
:1088D0007B68DB68002B04D10023BB6101E000232F
:1088E000BB61BB69B3F1FF3F4CD0FB68012B28D1C2
:1088F000BB69012B0AD17B689B680322009200228E
:108900000021012000F05CFBF86105E0032200215A
:10891000012000F0CDFBF861FB69002B22D0BB6881
:10892000002B1FD0002300220021F86900F088FCF2
:108930000346012B16D0F86901F014F90023FB61FE
:1089400010E0BB69012B08D17B689B681A46B968A7
:10895000F86800F00AFCF86104E0B968F86800F013
:108960003BFCF861FB69002B0CD07B68002B03D02B
:108970007B681B687B6101E000237B617969F86992
:1089800001F03CFAFB6918462037BD4680BD000067
:1089900080B586B000AF786039607B683B610023AA
:1089A0007B613B69002B03D16FF003037B6139E0EE
:1089B000EFF30583FB60FB68002B22D03B68002BA4
:1089C00003D06FF003037B612CE00023BB6007F151
:1089D00008031A460021386901F044F80346012BC8
:1089E00003D06FF002037B611CE0BB68002B19D041
:1089F0000F4B4FF080521A60BFF34F8FBFF36F8F52
:108A000010E03968386900F021FF0346012B09D0D6
:108A10003B68002B03D06FF001037B6102E06FF035
:108A200002037B617B6918461837BD4680BD00BFD5
:108A300004ED00E080B586B000AF78607B683B61F4
:108A400000237B613B69002B03D16FF003037B6143
:108A50002CE0EFF30583FB60FB68002B1AD00023AA
:108A6000BB6007F108031946386900F082FD034630
:108A7000012B03D06FF002037B6117E0BB68002B72
:108A800014D00D4B4FF080521A60BFF34F8FBFF3DD
:108A90006F8F0BE0002300220021386900F0D0FB2B
:108AA0000346012B02D06FF002037B617B691846FD
:108AB0001837BD4680BD00BF04ED00E080B58AB028
:108AC00002AFF860B9607A600023FB61EFF30583C1
:108AD0003B613B69002B5FD1FB68002B5CD0BB681E
:108AE000002B59D04FF0FF33BB617B68002B29D09E
:108AF0007B689B68002B12D07B68DB684F2B0ED9FC
:108B00007B681B69002B0AD07B685A69FB68B968CF
:108B100001FB03F39A4202D30123BB6114E07B689B
:108B20009B68002B10D17B68DB68002B0CD17B6825
:108B30001B69002B08D17B685B69002B04D10023E3
:108B4000BB6101E00023BB61BB69012B0BD17B68DA
:108B50001A697B689B6800210091B968F86800F089
:108B60002FFAF86108E0BB69002B05D10022B96833
:108B7000F86800F09DFAF861FB69002B0CD07B6867
:108B8000002B03D07B681B687B6101E000237B61C5
:108B90007969F86901F032F9FB6918462037BD465A
:108BA00080BD000080B588B000AFF860B9603B6060
:108BB0001346FB71FB68BB610023FB61EFF3058388
:108BC0007B617B69002B28D0BB69002B05D0BB687B
:108BD000002B02D03B68002B03D06FF00303FB6136
:108BE00038E000233B6107F110020023B968B8693F
:108BF00000F024FC0346012B03D06FF00203FB615D
:108C000028E03B69002B25D0154B4FF080521A60AD
:108C1000BFF34F8FBFF36F8F1CE0BB69002B02D0F7
:108C2000BB68002B03D16FF00303FB6112E000234C
:108C30003A68B968B86900F003FB0346012B09D014
:108C40003B68002B03D06FF00103FB6102E06FF083
:108C50000203FB61FB6918462037BD4680BD00BF9B
:108C600004ED00E080B588B000AFF860B9607A60CC
:108C70003B60FB68BB610023FB61EFF305837B6115
:108C80007B69002B28D0BB69002B05D0BB68002B6B
:108C900002D03B68002B03D06FF00303FB6137E089
:108CA00000233B6107F110031A46B968B86900F068
:108CB000D9FE0346012B03D06FF00203FB6127E0CE
:108CC0003B69002B24D0154B4FF080521A60BFF344
:108CD0004F8FBFF36F8F1BE0BB69002B02D0BB68C7
:108CE000002B03D16FF00303FB6111E03A68B96810
:108CF000B86900F0CBFC0346012B09D03B68002B80
:108D000003D06FF00103FB6102E06FF00203FB612F
:108D1000FB6918462037BD4680BD00BF04ED00E06A
:108D200080B485B000AFF860B9607A60FB68074A2C
:108D30001A60BB68064A1A607B6880221A6000BF0E
:108D40001437BD465DF8047B704700BFA8060020BD
:108D50005407002080B485B000AFF860B9607A6035
:108D6000FB68074A1A60BB68064A1A607B684FF4C2
:108D700080721A6000BF1437BD465DF8047B7047EF
:108D800054090020000A002080B483B000AF78604E
:108D90007B6803F108027B685A607B684FF0FF3202
:108DA0009A607B6803F108027B68DA607B6803F1F4
:108DB00008027B681A617B6800221A6000BF0C37CA
:108DC000BD465DF8047B704780B483B000AF786027
:108DD0007B6800221A6100BF0C37BD465DF8047B3A
:108DE000704780B485B000AF786039607B685B689D
:108DF000FB603B68FA685A60FB689A683B689A6057
:108E0000FB689B683A685A60FB683A689A603B68FE
:108E10007A681A617B681B685A1C7B681A6000BFFD
:108E20001437BD465DF8047B704780B485B000AF51
:108E3000786039603B681B68BB60BB68B3F1FF3F7B
:108E400003D17B681B69FB600CE07B680833FB6027
:108E500002E0FB685B68FB60FB685B681B68BA68E4
:108E60009A42F6D2FB685A683B685A603B685B6876
:108E70003A689A603B68FA689A60FB683A685A6098
:108E80003B687A681A617B681B685A1C7B681A60A9
:108E900000BF1437BD465DF8047B704780B485B0D1
:108EA00000AF78607B681B69FB607B685B687A68F1
:108EB00092689A607B689B687A6852685A60FB681F
:108EC0005B687A689A4203D17B689A68FB685A604B
:108ED0007B6800221A61FB681B685A1EFB681A60D7
:108EE000FB681B6818461437BD465DF8047B704765
:108EF00080B584B000AF786039607B68FB60FB6848
:108F0000002B0AD14FF0500383F31188BFF36F8F0A
:108F1000BFF34F8FBB6000BFFEE702F04BFDFB6865
:108F20001A68FB68DB6BF968096C01FB03F31A44F0
:108F3000FB689A60FB6800229A63FB681A68FB680A
:108F40005A60FB681A68FB68DB6B013BF968096CC7
:108F500001FB03F31A44FB68DA60FB68FF2283F825
:108F60004420FB68FF2283F845203B68002B14D186
:108F7000FB681B69002B1AD0FB681033184601F000
:108F8000FDFC0346002B12D00C4B4FF080521A60B0
:108F9000BFF34F8FBFF36F8F09E0FB6810331846A4
:108FA000FFF7F2FEFB6824331846FFF7EDFE02F0F0
:108FB00031FD012318461037BD4680BD04ED00E0A9
:108FC00080B58EB002AFF860B9607A603B60FB6834
:108FD000002B0AD14FF0500383F31188BFF36F8F3A
:108FE000BFF34F8FBB6200BFFEE73B68002B0AD187
:108FF0004FF0500383F31188BFF36F8FBFF34F8F90
:109000007B6200BFFEE77B68002B02D0BB68002BB1
:1090100001D0012300E00023002B0AD14FF05003C0
:1090200083F31188BFF36F8FBFF34F8F3B6200BF95
:10903000FEE77B68002B02D1BB68002B01D1012326
:1090400000E00023002B0AD14FF0500383F3118876
:10905000BFF36F8FBFF34F8FFB6100BFFEE750235D
:109060007B617B69502B0AD04FF0500383F311884A
:10907000BFF36F8FBFF34F8FBB6100BFFEE77B690C
:109080003B68FB62FB6A002B0DD0FB6A012283F870
:10909000462097F83820FB6A009313467A68B9682F
:1090A000F86800F03FF8FB6A18463037BD4680BDCF
:1090B00080B58AB002AFF860B9601346FB71FB68F7
:1090C000002B0AD14FF0500383F31188BFF36F8F49
:1090D000BFF34F8F3B6100BFFEE7FB68BA6802FB3E
:1090E00003F3FB61FB695033184602F085FDB8615C
:1090F000BB69002B11D0BB697B617B6950337B61FD
:10910000BB69002283F84620FA79BB6900931346B5
:109110007A69B968F86800F005F8BB691846203725
:10912000BD4680BD80B584B000AFF860B9607A609C
:10913000FB70BB68002B03D1BB69BA691A6002E0FF
:10914000BB697A681A60BB69FA68DA63BB69BA6896
:109150001A640121B869FFF7CBFEBB69FA7883F87E
:109160004C2000BF1037BD4680BD80B58AB002AF2D
:10917000F860B9607A60FB68002B0AD14FF05003A9
:1091800083F31188BFF36F8FBFF34F8FBB6100BFB5
:10919000FEE7BA68FB689A420AD94FF0500383F39E
:1091A0001188BFF36F8FBFF34F8F7B6100BFFEE766
:1091B000022300937B6800220021F868FFF700FF7C
:1091C000F861FB69002B02D0FB69BA689A63FB69FE
:1091D00018462037BD4680BD80B586B000AF7860A8
:1091E00039607B68002B0AD14FF0500383F311885C
:1091F000BFF36F8FBFF34F8F3B6100BFFEE73A684D
:109200007B689A420AD94FF0500383F31188BFF369
:109210006F8FBFF34F8FFB6000BFFEE7022200217C
:109220007868FFF745FF78617B69002B02D07B6986
:109230003A689A637B6918461837BD4680BD0000BE
:1092400080B58EB000AFF860B9607A603B600023F3
:109250007B63FB683B633B6B002B0AD14FF05003F1
:1092600083F31188BFF36F8FBFF34F8FBB6200BFD3
:10927000FEE7BB68002B03D13B6B1B6C002B01D1BD
:10928000012300E00023002B0AD14FF0500383F3A9
:109290001188BFF36F8FBFF34F8F7B6200BFFEE774
:1092A0003B68022B03D13B6BDB6B012B01D101230C
:1092B00000E00023002B0AD14FF0500383F3118804
:1092C000BFF36F8FBFF34F8F3B6200BFFEE701F02C
:1092D00017FD0346002B02D17B68002B01D101232F
:1092E00000E00023002B0AD14FF0500383F31188D4
:1092F000BFF36F8FBFF34F8FFB6100BFFEE702F03C
:1093000059FB3B6B9A6B3B6BDB6B9A4202D33B681E
:10931000022B29D13A68B968386B00F05EFCF8621C
:109320003B6B5B6A002B10D03B6B2433184601F07B
:1093300025FB0346002B13D03F4B4FF080521A60A1
:10934000BFF34F8FBFF36F8F0AE0FB6A002B07D08C
:10935000394B4FF080521A60BFF34F8FBFF36F8FBE
:1093600002F058FB012363E07B68002B03D102F07D
:1093700051FB00235CE07B6B002B06D107F114034B
:10938000184601F05FFB01237B6302F043FB01F011
:109390009DF802F00FFB3B6B93F844305BB2B3F1E6
:1093A000FF3F03D13B6B002283F844203B6B93F8D3
:1093B00045305BB2B3F1FF3F03D13B6B002283F832
:1093C000452002F027FB3A1D07F114031146184609
:1093D00001F04EFB0346002B24D1386B00F0F5FC66
:1093E0000346002B18D03B6B10337A6811461846A1
:1093F00001F074FA386B00F080FC01F075F8034658
:10940000002B7FF47CAF0C4B4FF080521A60BFF3FF
:109410004F8FBFF36F8F72E7386B00F06EFC01F077
:1094200063F86CE7386B00F068FC01F05DF800232E
:1094300018463837BD4680BD04ED00E080B590B0D9
:1094400000AFF860B9607A603B60FB68BB63BB6BE0
:10945000002B0AD14FF0500383F31188BFF36F8FB5
:10946000BFF34F8FBB6200BFFEE7BB68002B03D189
:10947000BB6B1B6C002B01D1012300E00023002BF0
:109480000AD14FF0500383F31188BFF36F8FBFF3FE
:109490004F8F7B6200BFFEE73B68022B03D1BB6BA3
:1094A000DB6B012B01D1012300E00023002B0AD14B
:1094B0004FF0500383F31188BFF36F8FBFF34F8FCB
:1094C0003B6200BFFEE702F057FBEFF311824FF063
:1094D000500383F31188BFF36F8FBFF34F8FFA618F
:1094E000BB61FB697B63BB6B9A6BBB6BDB6B9A42AB
:1094F00002D33B68022B2FD1BB6B93F8453087F822
:109500003330BB6B9B6BFB623A68B968B86B00F099
:1095100064FB97F93330B3F1FF3F12D1BB6B5B6A49
:10952000002B16D0BB6B2433184601F027FA0346F4
:10953000002B0ED07B68002B0BD07B6801221A60B9
:1095400007E097F833300133DBB25AB2BB6B83F8D4
:1095500045200123FB6301E00023FB637B6B7B6100
:109560007B6983F3118800BFFB6B18464037BD460B
:1095700080BD80B58EB000AF786039607B683B639A
:109580003B6B002B0AD14FF0500383F31188BFF3DC
:109590006F8FBFF34F8F3B6200BFFEE73B6B1B6CCF
:1095A000002B0AD04FF0500383F31188BFF36F8F65
:1095B000BFF34F8FFB6100BFFEE73B6B1B68002BC7
:1095C00003D13B6B9B68002B01D1012300E00023FA
:1095D000002B0AD14FF0500383F31188BFF36F8F34
:1095E000BFF34F8FBB6100BFFEE702F0C5FAEFF398
:1095F00011824FF0500383F31188BFF36F8FBFF3D5
:109600004F8F7A613B617B69FB623B6B9B6BBB62FB
:109610003B6BDB6BBA6A9A422BD23B6B93F84530BB
:1096200087F82730BB6A5A1C3B6B9A6397F927303F
:10963000B3F1FF3F12D13B6B5B6A002B16D03B6B43
:109640002433184601F09AF90346002B0ED03B68EC
:10965000002B0BD03B6801221A6007E097F82730F7
:109660000133DBB25AB23B6B83F8452001237B63A5
:1096700001E000237B63FB6AFB60FB6883F31188D6
:1096800000BF7B6B18463837BD4680BD80B58CB0B7
:1096900000AFF860B9607A600023FB62FB68BB62D0
:1096A000BB6A002B0AD14FF0500383F31188BFF33C
:1096B0006F8FBFF34F8F3B6200BFFEE7BB68002B8D
:1096C00003D1BB6A1B6C002B01D1012300E00023F6
:1096D000002B0AD14FF0500383F31188BFF36F8F33
:1096E000BFF34F8FFB6100BFFEE701F009FB0346AC
:1096F000002B02D17B68002B01D1012300E0002365
:10970000002B0AD14FF0500383F31188BFF36F8F02
:10971000BFF34F8FBB6100BFFEE702F04BF9BB6A9E
:109720009B6B7B627B6A002B1FD0B968B86A00F024
:10973000BEFA7B6A5A1EBB6A9A63BB6A1B69002B1E
:109740000FD0BB6A1033184601F018F90346002BFE
:1097500007D03D4B4FF080521A60BFF34F8FBFF3DD
:109760006F8F02F057F9012369E07B68002B03D16A
:1097700002F050F9002362E0FB6A002B06D107F1EA
:109780001003184601F05EF90123FB6202F042F972
:1097900000F09CFE02F00EF9BB6A93F844305BB215
:1097A000B3F1FF3F03D1BB6A002283F84420BB6AB8
:1097B00093F845305BB2B3F1FF3F03D1BB6A00229F
:1097C00083F8452002F026F93A1D07F110031146EF
:1097D000184601F04DF90346002B23D1B86A00F07A
:1097E000DEFA0346002B17D0BB6A24337A68114691
:1097F000184601F073F8B86A00F07FFA00F074FEC2
:109800000346002B89D1104B4FF080521A60BFF3F2
:109810004F8FBFF36F8F80E7B86A00F06EFA00F0E9
:1098200063FE7AE7B86A00F068FA00F05DFEB86A95
:1098300000F0B5FA0346002B3FF46FAF0023184643
:109840003037BD4680BD00BF04ED00E080B58EB06E
:1098500000AF7860396000237B637B68FB62002384
:109860003B63FB6A002B0AD14FF0500383F311884E
:10987000BFF36F8FBFF34F8F3B6200BFFEE7FB6A02
:109880001B6C002B0AD04FF0500383F31188BFF3F9
:109890006F8FBFF34F8FFB6100BFFEE701F030FA1F
:1098A0000346002B02D13B68002B01D1012300E0CD
:1098B0000023002B0AD14FF0500383F31188BFF32C
:1098C0006F8FBFF34F8FBB6100BFFEE702F072F8EE
:1098D000FB6A9B6BBB62BB6A002B24D0BB6A5A1E1F
:1098E000FB6A9A63FB6A1B68002B04D101F07EFBC4
:1098F0000246FB6A9A60FB6A1B69002B0FD0FB6A69
:109900001033184601F03AF80346002B07D0544BA9
:109910004FF080521A60BFF34F8FBFF36F8F02F08A
:1099200079F8012397E03B68002B11D13B6B002BAA
:109930000AD04FF0500383F31188BFF36F8FBFF34A
:109940004F8F7B6100BFFEE702F064F8002382E0E6
:109950007B6B002B06D107F10C03184601F072F85F
:1099600001237B6302F056F800F0B0FD02F022F80C
:10997000FB6A93F844305BB2B3F1FF3F03D1FB6A5B
:10998000002283F84420FB6A93F845305BB2B3F1C0
:10999000FF3F03D1FB6A002283F8452002F03AF82A
:1099A0003A4607F10C031146184601F061F80346E8
:1099B000002B32D1F86A00F0F2F90346002B26D0D2
:1099C000FB6A1B68002B09D101F0F4FFFB6A9B685E
:1099D000184601F0B3F9386302F01CF8FB6A24332F
:1099E0003A681146184600F079FFF86A00F085F9E8
:1099F00000F07AFD0346002B7FF468AF184B4FF060
:109A000080521A60BFF34F8FBFF36F8F5EE7F86A23
:109A100000F073F900F068FD58E7F86A00F06DF99E
:109A200000F062FDF86A00F0BAF90346002B3FF43B
:109A30004DAF3B6B002B0DD001F0BCFFF86A00F07E
:109A4000B4F87862FB6A9B68796A184601F04CFAB0
:109A500001F0E0FF002318463837BD4680BD00BF47
:109A600004ED00E080B58EB000AFF860B9607A60B8
:109A7000FB683B633B6B002B0AD14FF0500383F331
:109A80001188BFF36F8FBFF34F8F3B6200BFFEE7BC
:109A9000BB68002B03D13B6B1B6C002B01D1012356
:109AA00000E00023002B0AD14FF0500383F311880C
:109AB000BFF36F8FBFF34F8FFB6100BFFEE702F074
:109AC0005BF8EFF311824FF0500383F31188BFF37B
:109AD0006F8FBFF34F8FBA617B61BB69FB623B6BDA
:109AE0009B6BBB62BB6A002B2FD03B6B93F844305F
:109AF00087F82730B968386B00F0D9F8BB6A5A1E6E
:109B00003B6B9A6397F92730B3F1FF3F12D13B6B60
:109B10001B69002B16D03B6B1033184600F02EFF4C
:109B20000346002B0ED07B68002B0BD07B680122F4
:109B30001A6007E097F827300133DBB25AB23B6B6B
:109B400083F8442001237B6301E000237B63FB6AED
:109B50003B613B6983F3118800BF7B6B1846383744
:109B6000BD4680BD80B584B000AF78607B68FB6087
:109B7000FB68002B0AD14FF0500383F31188BFF329
:109B80006F8FBFF34F8FBB6000BFFEE7F86800F038
:109B90005FF9FB6893F84630002B02D1F86802F0B9
:109BA000F7F800BF1037BD4680BD80B485B000AF68
:109BB00078607B685B6A002B06D07B681B6B1B6838
:109BC000C3F13803FB6001E00023FB60FB6818462B
:109BD0001437BD465DF8047B704780B586B000AF92
:109BE000F860B9607A6000237B61FB689B6B3B6126
:109BF000FB681B6C002B0DD1FB681B68002B4DD143
:109C0000FB689B68184601F001F97861FB68002247
:109C10009A6043E07B68002B19D1FB685868FB68A9
:109C20001B6C1A46B96804F0E6FAFB685A68FB68D0
:109C30001B6C1A44FB685A60FB685A68FB689B6897
:109C40009A422BD3FB681A68FB685A6026E0FB68CF
:109C5000D868FB681B6C1A46B96804F0CCFAFB683C
:109C6000DA68FB681B6C5B421A44FB68DA60FB68CD
:109C7000DA68FB681B689A4207D2FB689A68FB683F
:109C80001B6C5B421A44FB68DA607B68022B05D1CF
:109C90003B69002B02D03B69013B3B613B695A1C8D
:109CA000FB689A637B6918461837BD4680BD80B54E
:109CB00082B000AF786039607B681B6C002B18D0D5
:109CC0007B68DA687B681B6C1A447B68DA607B68A7
:109CD000DA687B689B689A4203D37B681A687B6862
:109CE000DA607B68D9687B681B6C1A46386804F0B8
:109CF00082FA00BF0837BD4680BD80B584B000AF92
:109D0000786001F057FE7B6893F84530FB7311E0F3
:109D10007B685B6A002B12D07B682433184600F006
:109D20002DFE0346002B01D000F004FFFB7B013B1E
:109D3000DBB2FB7397F90F30002BE9DC00E000BFCA
:109D40007B68FF2283F8452001F064FE01F032FEBB
:109D50007B6893F84430BB7311E07B681B69002B70
:109D600012D07B681033184600F008FE0346002B23
:109D700001D000F0DFFEBB7B013BDBB2BB7397F988
:109D80000E30002BE9DC00E000BF7B68FF2283F887
:109D9000442001F03FFE00BF1037BD4680BD80B5B6
:109DA00084B000AF786001F005FE7B689B6B002BF0
:109DB00002D10123FB6001E00023FB6001F02AFED9
:109DC000FB6818461037BD4680BD80B584B000AF33
:109DD000786001F0EFFD7B689A6B7B68DB6B9A42E1
:109DE00002D10123FB6001E00023FB6001F012FEC1
:109DF000FB6818461037BD4680BD000080B485B0B2
:109E000000AF786039600023FB6014E00F4AFB6804
:109E100052F83330002B0BD10C49FB683A6841F8FB
:109E200033200A4AFB68DB0013447A685A6006E074
:109E3000FB680133FB60FB68072BE7D900BF00BF5D
:109E40001437BD465DF8047B704700BF000E00204C
:109E500080B485B000AF78600023FB6016E0104A44
:109E6000FB68DB0013445B687A689A420BD10C4AAA
:109E7000FB68002142F83310094AFB68DB001344F9
:109E800000225A6006E0FB680133FB60FB68072B89
:109E9000E5D900BF00BF1437BD465DF8047B7047AD
:109EA000000E002080B586B000AFF860B9607A601F
:109EB000FB687B6101F07EFD7B6993F844305BB207
:109EC000B3F1FF3F03D17B69002283F844207B6913
:109ED00093F845305BB2B3F1FF3F03D17B690022B9
:109EE00083F8452001F096FD7B699B6B002B06D122
:109EF0007B6924337A68B968184600F013FD7869E5
:109F0000FFF7FBFE00BF1837BD4680BD80B58EB0A1
:109F100004AFF860B9607A603B607B6B002B0AD1BC
:109F20004FF0500383F31188BFF36F8FBFF34F8F50
:109F30003B6200BFFEE7BB6B002B0AD14FF0500322
:109F400083F31188BFF36F8FBFF34F8FFB6100BFA7
:109F5000FEE7AC233B613B69AC2B0AD04FF05003CA
:109F600083F31188BFF36F8FBFF34F8FBB6100BFC7
:109F7000FEE73B69BB6B002B1ED07B6B002B1BD01D
:109F8000BB6B7B627B6A7A6B1A637B6A022283F803
:109F9000A920002303937B6A029307F11403019322
:109FA0003B6B00933B687A68B968F86800F050F83A
:109FB000786A00F0F7F801E000237B617B691846BE
:109FC0002837BD4680BD80B58CB004AFF860B9605D
:109FD0003B601346FB80FB889B00184601F00CFE9B
:109FE00078617B69002B0ED0AC2001F005FEF86192
:109FF000FB69002B03D0FB697A691A6305E0786975
:10A0000001F0C6FE01E00023FB61FB69002B17D0C5
:10A01000FB69002283F8A920FA8800230393FB69D7
:10A020000293FB6A0193BB6A00933B68B968F868C6
:10A0300000F00EF8F86900F0B5F80123BB6102E00A
:10A040004FF0FF33BB61BB6918462037BD4680BD6A
:10A0500080B588B000AFF860B9607A603B603B6B58
:10A06000186B7B689B001A46A52103F0C5FF3B6B6C
:10A070001A6B7B6803F18043013B9B001344BB6177
:10A08000BB6923F00703BB61BB6903F00703002B27
:10A090000AD04FF0500383F31188BFF36F8FBFF3E3
:10A0A0004F8F7B6100BFFEE7BB68002B1FD00023F2
:10A0B000FB6112E0BA68FB69134419783A6BFB69DB
:10A0C000134434330A461A70BA68FB6913441B7888
:10A0D000002B06D0FB690133FB61FB690F2BE9D92B
:10A0E00000E000BF3B6B002283F8432003E03B6BA2
:10A0F000002283F83420BB6A372B01D93723BB6297
:10A100003B6BBA6ADA623B6BBA6ADA643B6B002279
:10A110001A653B6B04331846FEF756FE3B6B18334B
:10A120001846FEF751FE3B6B3A6B1A61BB6AC3F1EE
:10A1300038023B6B9A613B6B3A6B5A623B6B002275
:10A140005A653B6B0022C3F8A4203B6B002283F8C6
:10A15000A8203B6B58334C220021184603F04CFFDB
:10A160003B6B0D4ADA653B6B0C4A1A663B6B0C4A3B
:10A170005A663A68F968B86901F0EEFA02463B6B34
:10A180001A60FB6A002B02D0FB6A3A6B1A6000BFB0
:10A190002037BD4680BD00BFA860002010610020B0
:10A1A0007861002080B582B000AF786001F002FCD9
:10A1B0002D4B1B6801332C4A13602C4B1B68002B62
:10A1C00009D12A4A7B681360274B1B68012B10D1E9
:10A1D00000F0D4FC0DE0264B1B68002B09D1234B6B
:10A1E0001B68DA6A7B68DB6A9A4202D81F4A7B687E
:10A1F0001360204B1B6801331E4A13601D4B1A6805
:10A200007B685A647B68DA6A1B4B1B689A4203D9E5
:10A210007B68DB6A184A13607B68DA6A13469B0026
:10A2200013449B00154A1A447B68043319461046B0
:10A23000FEF7D7FD01F0EEFB0D4B1B68002B0ED097
:10A240000A4B1B68DA6A7B68DB6A9A4207D20C4BBE
:10A250004FF080521A60BFF34F8FBFF36F8F00BF74
:10A260000837BD4680BD00BF14130020400E0020FB
:10A2700020130020301300201C130020440E002067
:10A2800004ED00E080B58AB000AF7860396000234B
:10A290007B627B68002B0AD14FF0500383F3118857
:10A2A000BFF36F8FBFF34F8F7B6100BFFEE73B684B
:10A2B000002B0AD14FF0500383F31188BFF36F8F47
:10A2C000BFF34F8F3B6100BFFEE72A4B1B68002B9B
:10A2D0000AD04FF0500383F31188BFF36F8FBFF3A1
:10A2E0004F8FFB6000BFFEE700F0F0F8224B1B68C9
:10A2F0003B627B681B683A681344FB617B681B68A0
:10A300003A6A9A420BD27B681B68FA699A4211D268
:10A31000FA693B6A9A420DD901237B620AE07B68A5
:10A320001B68FA699A4203D3FA693B6A9A4201D9D7
:10A3300001237B627B68FA691A607B6A002B06D076
:10A34000FA693B6AD31A0021184600F063FE00F058
:10A35000CBF8B861BB69002B07D1084B4FF0805296
:10A360001A60BFF34F8FBFF36F8F00BF2837BD4612
:10A3700080BD00BF3C1300201813002004ED00E056
:10A3800080B584B000AF78600023FB607B68002B51
:10A3900017D0134B1B68002B0AD04FF0500383F3E8
:10A3A0001188BFF36F8FBFF34F8FBB6000BFFEE715
:10A3B00000F08CF80021786800F02CFE00F094F892
:10A3C000F860FB68002B07D1064B4FF080521A60F3
:10A3D000BFF34F8FBFF36F8F00BF1037BD4680BDF7
:10A3E0003C13002004ED00E080B58AB004AF0023E8
:10A3F000BB6000237B603A46391D07F1080318460D
:10A40000FEF78EFC39687B68BA68029201930023DC
:10A41000009300230A4625492548FFF777FD0346A8
:10A42000244A1360234B1B68002B02D001237B615D
:10A4300001E000237B617B69012B02D100F03EFE2D
:10A4400078617B69012B1DD14FF0500383F3118894
:10A45000BFF36F8FBFF34F8F3B6100BF164B1B687D
:10A460005833164A1360164B4FF0FF321A60154BE3
:10A4700001221A60144B00221A60F7F7FBF801F072
:10A48000F7F90EE07B69B3F1FF3F0AD14FF05003BB
:10A4900083F31188BFF36F8FBFF34F8FFB6000BF53
:10A4A000FEE700BF1837BD4680BD00BFA40D010800
:10A4B0004DAB000838130020400E0020FC010020A6
:10A4C00034130020201300201813002080B400AFA4
:10A4D000044B1B680133034A136000BFBD465DF89F
:10A4E000047B70473C13002080B584B000AF00238C
:10A4F000FB600023BB60424B1B68002B0AD14FF06E
:10A50000500383F31188BFF36F8FBFF34F8F3B600E
:10A5100000BFFEE701F04EFA394B1B68013B384A99
:10A520001360374B1B68002B62D1364B1B68002B26
:10A530005ED02FE0344BDB68DB68FB60FB681833D0
:10A540001846FEF7ABFCFB6804331846FEF7A6FC82
:10A55000FB68DA6A2D4B1B689A4203D9FB68DB6AF9
:10A560002A4A1360FB68DA6A13469B0013449B0077
:10A57000274A1A44FB68043319461046FEF731FC9B
:10A58000FB68DA6A234B1B68DB6A9A4202D3224BD0
:10A5900001221A601C4B1B68002BCBD1FB68002BDF
:10A5A00001D000F08DFB1D4B1B687B607B68002B8E
:10A5B00010D000F059F80346002B02D0164B0122B0
:10A5C0001A607B68013B7B607B68002BF1D1134BE9
:10A5D00000221A60104B1B68002B09D00123BB60BE
:10A5E0000F4B4FF080521A60BFF34F8FBFF36F8F46
:10A5F00001F010FABB6818461037BD4680BD00BF99
:10A600003C13002014130020D41200201C1300203F
:10A61000440E0020400E00202813002024130020A8
:10A6200004ED00E080B483B000AF054B1B687B6095
:10A630007B6818460C37BD465DF8047B704700BF49
:10A640001813002080B582B000AF01F095FA002306
:10A650007B60044B1B683B603B6818460837BD466F
:10A6600080BD00BF1813002080B586B000AF002366
:10A670007B614F4B1B68002B40F08F804D4B1B685C
:10A6800001333B614B4A3B6913603B69002B20D18E
:10A69000494B1B681B68002B0AD04FF0500383F313
:10A6A0001188BFF36F8FBFF34F8F3B6000BFFEE792
:10A6B000414B1B68FB60414B1B683F4A13603F4A9C
:10A6C000FB6813603E4B1B6801333D4A136000F08A
:10A6D000F7FA3C4B1B683A699A4249D3364B1B68E0
:10A6E0001B68002B04D1374B4FF0FF321A603FE05C
:10A6F000314B1B68DB68DB68BB60BB685B687B60F9
:10A700003A697B689A4203D22E4A7B6813602FE035
:10A71000BB6804331846FEF7C1FBBB689B6A002B7D
:10A7200004D0BB6818331846FEF7B8FBBB68DA6A7A
:10A73000254B1B689A4203D9BB68DB6A224A136027
:10A74000BB68DA6A13469B0013449B001F4A1A44F5
:10A75000BB68043319461046FEF743FBBB68DA6A50
:10A760001B4B1B68DB6A9A42B8D301237B61B5E7B8
:10A77000174B1B68DA6A154913469B0013449B006C
:10A780000B441B68012B01D901237B61114B1B6812
:10A79000002B07D001237B6104E00F4B1B680133C2
:10A7A0000D4A13607B6918461837BD4680BD00BF4F
:10A7B0003C13002018130020CC120020D0120020DF
:10A7C0002C130020341300201C130020440E002002
:10A7D000400E0020281300202413002080B584B0F0
:10A7E00000AF364B1B68002B03D0354B01221A609B
:10A7F0005FE0334B00221A60F6F743FF0346314A0D
:10A800001360304B1A68304B1B689A4209D92F4BA2
:10A810001B68596D2B4A10682B4A1268821A0A4429
:10A820005A65284B1B68284A1360294B1B68FB603C
:10A8300010E0FB68002B0AD14FF0500383F311881E
:10A84000BFF36F8FBFF34F8F7B6000BFFEE7FB68E6
:10A85000013BFB601F49FA6813469B0013449B00B1
:10A860000B441B68002BE4D0FA6813469B0013448A
:10A870009B00184A1344BB60BB685B685A68BB689E
:10A880005A60BB685A68BB6808339A4204D1BB68F7
:10A890005B685A68BB685A60BB685B68DB680B4AD8
:10A8A00013600B4AFB681360084B1B6858330A4A55
:10A8B000136000BF1037BD4680BD00BF3C130020B1
:10A8C000281300204413002040130020400E0020D5
:10A8D0001C130020440E0020FC01002080B584B031
:10A8E00000AF786039607B68002B0AD14FF05003CD
:10A8F00083F31188BFF36F8FBFF34F8FFB6000BFEF
:10A90000FEE7074B1B68183319467868FEF78DFA87
:10A910000121386800F07EFB00BF1037BD4680BDC6
:10A92000400E002080B586B000AFF860B9607A6054
:10A93000FB68002B0AD14FF0500383F31188BFF35B
:10A940006F8FBFF34F8F7B6100BFFEE70A4B1B6821
:10A9500018331946F868FEF744FA7B68002B02D0DA
:10A960004FF0FF33BB607968B86800F053FB00BF5D
:10A970001837BD4680BD00BF400E002080B586B0B0
:10A9800000AF78607B68DB68DB683B613B69002B6C
:10A990000AD14FF0500383F31188BFF36F8FBFF3D9
:10A9A0004F8FFB6000BFFEE73B6918331846FEF788
:10A9B00075FA1E4B1B68002B1DD13B6904331846EA
:10A9C000FEF76CFA3B69DA6A194B1B689A4203D9A5
:10A9D0003B69DB6A164A13603B69DA6A13469B00DF
:10A9E00013449B00134A1A443B690433194610462A
:10A9F000FEF7F7F905E03B69183319460E48FEF7F4
:10AA0000F0F93B69DA6A0D4B1B68DB6A9A4205D99B
:10AA100001237B610A4B01221A6001E000237B6164
:10AA20007B6918461837BD4680BD00BF3C13002027
:10AA30001C130020440E0020D4120020400E0020E1
:10AA40002813002080B483B000AF7860064B1A68EA
:10AA50007B681A60054B1A687B685A6000BF0C3728
:10AA6000BD465DF8047B70472C13002018130020AE
:10AA700080B588B000AF786039607B68002B0AD160
:10AA80004FF0500383F31188BFF36F8FBFF34F8FE5
:10AA90003B6100BFFEE73B68002B0AD14FF050033B
:10AAA00083F31188BFF36F8FBFF34F8FFB6000BF3D
:10AAB000FEE700F07FFF1D4B1B68BB617B685B6896
:10AAC000BA69D31A7B613B681B68B3F1FF3F02D1BF
:10AAD0000023FB6123E07B681A68154B1B689A42D0
:10AAE00007D07B685B68BA699A4202D30123FB6195
:10AAF00015E03B681B687A699A420BD23B681A687A
:10AB00007B69D21A3B681A607868FFF79BFF0023C5
:10AB1000FB6104E03B6800221A600123FB6100F046
:10AB200079FFFB6918462037BD4680BD1813002009
:10AB30002C13002080B400AF034B01221A6000BF29
:10AB4000BD465DF8047B70472813002080B582B0B5
:10AB500000AF786000F052F8064B1B68012BF9D962
:10AB6000054B4FF080521A60BFF34F8FBFF36F8FCA
:10AB7000F0E700BF440E002004ED00E080B582B095
:10AB800000AF00237B600CE07A6813469B001344FF
:10AB90009B00124A13441846FEF7F6F87B6801330F
:10ABA0007B607B68372BEFD90D48FEF7EDF80D4839
:10ABB000FEF7EAF80C48FEF7E7F80C48FEF7E4F871
:10ABC0000B48FEF7E1F80B4B054A1A600A4B054AA1
:10ABD0001A6000BF0837BD4680BD00BF440E00208C
:10ABE000A4120020B8120020D4120020E812002085
:10ABF00000130020CC120020D012002080B582B0BB
:10AC000000AF19E000F0D6FE104BDB68DB687B601C
:10AC10007B6804331846FEF741F90D4B1B68013B76
:10AC20000B4A13600B4B1B68013B0A4A136000F090
:10AC3000F1FE786800F010F8064B1B68002BE1D19C
:10AC400000BF00BF0837BD4680BD00BFE81200202E
:10AC500014130020FC12002080B584B000AF78608F
:10AC60007B685833184603F0F5F97B6893F8A930F0
:10AC7000002B08D17B681B6B184601F089F87868B7
:10AC800001F086F818E07B6893F8A930012B03D116
:10AC9000786801F07DF80FE07B6893F8A930022B0B
:10ACA0000AD04FF0500383F31188BFF36F8FBFF3C7
:10ACB0004F8FFB6000BFFEE700BF1037BD4680BD71
:10ACC00080B483B000AF0C4B1B681B68002B04D111
:10ACD0000A4B4FF0FF321A6008E0074B1B68DB6835
:10ACE000DB687B607B685B68044A136000BF0C37DD
:10ACF000BD465DF8047B7047CC1200203413002061
:10AD000080B483B000AF0B4B1B68002B02D1012332
:10AD10007B6008E0084B1B68002B02D102237B609C
:10AD200001E000237B607B6818460C37BD465DF868
:10AD3000047B7047201300203C13002080B584B0B2
:10AD400000AF78607B68BB600023FB607B68002BF2
:10AD500051D0BB68DA6A2A4B1B68DB6A9A4241D23F
:10AD6000BB689B69002B06DB254B1B68DB6AC3F1C4
:10AD70003802BB689A61BB685969BB68DA6A1346D6
:10AD80009B0013449B001F4A1344994222D1BB6885
:10AD900004331846FEF782F8194B1B68DA6ABB6861
:10ADA000DA62BB68DA6A184B1B689A4203D9BB683F
:10ADB000DB6A154A1360BB68DA6A13469B001344CA
:10ADC0009B00104A1A44BB68043319461046FEF72C
:10ADD00008F804E00A4B1B68DA6ABB68DA620123F0
:10ADE000FB6008E0BB68DA6C054B1B68DB6A9A42C3
:10ADF00001D20123FB60FB6818461037BD4680BDB9
:10AE0000400E0020440E00201C13002080B586B0A8
:10AE100000AF78607B683B6100237B617B68002B1F
:10AE200056D02E4B1B683A699A420AD04FF0500315
:10AE300083F31188BFF36F8FBFF34F8FFB6000BFA9
:10AE4000FEE73B691B6D002B0AD14FF0500383F3E3
:10AE50001188BFF36F8FBFF34F8FBB6000BFFEE75A
:10AE60003B691B6D5A1E3B691A653B69DA6A3B698F
:10AE7000DB6C9A422CD03B691B6D002B28D13B69BF
:10AE800004331846FEF70AF83B69DA6C3B69DA626C
:10AE90003B69DB6AC3F138023B699A613B69DA6A54
:10AEA0000F4B1B689A4203D93B69DB6A0C4A13605B
:10AEB0003B69DA6A13469B0013449B00094A1A4413
:10AEC0003B69043319461046FDF78BFF01237B6174
:10AED0007B6918461837BD4680BD00BF400E002074
:10AEE0001C130020440E002080B588B000AF7860AD
:10AEF00039607B68BB6101237B617B68002B6AD072
:10AF0000BB691B6D002B0AD14FF0500383F31188EE
:10AF1000BFF36F8FBFF34F8FFB6000BFFEE7BB69CE
:10AF2000DB6C3A689A4202D93B68FB6102E0BB697C
:10AF3000DB6CFB61BB69DB6AFA699A424BD0BB6987
:10AF40001B6D7A699A4246D1254B1B68BA699A42B1
:10AF50000AD14FF0500383F31188BFF36F8FBFF313
:10AF60004F8FBB6000BFFEE7BB69DB6A3B61BB691B
:10AF7000FA69DA62BB699B69002B04DBFB69C3F1E8
:10AF80003802BB699A61BB6959693A6913469B00EB
:10AF900013449B00134A134499421CD1BB690433E8
:10AFA0001846FDF77BFFBB69DA6A0F4B1B689A42B4
:10AFB00003D9BB69DB6A0C4A1360BB69DA6A1346C2
:10AFC0009B0013449B00074A1A44BB69043319468B
:10AFD0001046FDF706FF00BF2037BD4680BD00BF0D
:10AFE000400E0020440E00201C13002080B400AF4F
:10AFF000074B1B68002B04D0054B1B681A6D0132F0
:10B000001A65034B1B681846BD465DF8047B704704
:10B01000400E002080B584B000AF78603960214BCD
:10B020001B68FB60204B1B6804331846FDF736FF96
:10B030007B68B3F1FF3F0AD13B68002B07D01A4B66
:10B040001B68043319461948FDF7CBFE26E0FA6861
:10B050007B681344BB60144B1B68BA685A60BA68BB
:10B06000FB689A4209D2124B1A680F4B1B680433D3
:10B0700019461046FDF7D9FE10E00E4B1A680A4B30
:10B080001B68043319461046FDF7CFFE0A4B1B68B8
:10B09000BA689A4202D2084ABB68136000BF1037F0
:10B0A000BD4680BD18130020400E00200013002074
:10B0B000D0120020CC1200203413002080B58AB0BA
:10B0C00004AF00237B6100F007FB1C4B1B68002BC7
:10B0D00021D00023FB600023BB603A1D07F108016B
:10B0E00007F10C031846FDF735FE7968BB68FA686E
:10B0F000029201930223009300230A46104911484B
:10B10000FEF704FF0346104A13600F4B1B68002B29
:10B1100001D001237B617B69002B0AD14FF05003E2
:10B1200083F31188BFF36F8FBFF34F8F3B6100BF75
:10B13000FEE77B6918461837BD4680BD78130020AE
:10B14000AC0D010881B200087C13002080B58AB0E4
:10B1500000AFF860B9607A603B6000237B62FB68F7
:10B16000002B0AD14FF0500383F31188BFF36F8F88
:10B17000BFF34F8F3B6200BFFEE71A4B1B68002BEB
:10B180002AD0BB683B617B687B61FB68BB61BB68A5
:10B19000052B18DCFFF7B4FD0346022B09D1114B38
:10B1A000186807F1100100233A6BFEF749F878623E
:10B1B00012E00C4B186807F1100100230022FEF783
:10B1C0003FF8786208E0074B186807F11001002388
:10B1D0003A68FEF733F978627B6A18462837BD462D
:10B1E00080BD00BF7813002080B588B002AF7860C2
:10B1F0003960224B1B68DB68DB687B617B69043349
:10B200001846FDF74BFE7B6993F8283003F00403E2
:10B21000002B22D07B699A697B68D1187B683A68D9
:10B22000786900F0D1F80346002B1FD0002300936B
:10B2300000237A6800217869FFF788FF38613B694D
:10B24000002B13D14FF0500383F31188BFF36F8F9E
:10B25000BFF34F8FFB6000BFFEE77B6993F8283098
:10B2600023F00103DAB27B6983F828207B691B6A2B
:10B270007869984700BF1837BD4680BD701300201D
:10B2800080B584B000AF786007F10803184600F07D
:10B2900057F8F860BB681946F86800F003F800F04A
:10B2A000D5F8F1E780B584B000AF78603960FFF77A
:10B2B0000DF907F10803184600F066F8F860BB685E
:10B2C000002B30D13B68002B0AD17A68FB689A4288
:10B2D00006D8FFF709F9F9687868FFF785FF24E0D9
:10B2E0003B68002B08D0134B1B681B68002B01D157
:10B2F000012300E000233B600F4B18687A68FB686D
:10B30000D31A3A681946FEF7CDFDFFF7EDF803466C
:10B31000002B0AD1094B4FF080521A60BFF34F8FB8
:10B32000BFF36F8F01E0FFF7DFF800BF1037BD46B6
:10B3300080BD00BF741300207813002004ED00E0EE
:10B3400080B485B000AF78600E4B1B681B68002B83
:10B3500001D1012200E000227B681A607B681B6833
:10B36000002B05D1074B1B68DB681B68FB6001E005
:10B370000023FB60FB6818461437BD465DF8047B6C
:10B38000704700BF7013002080B584B000AF7860B4
:10B39000FFF748F9F8600B4B1B68FA689A4205D230
:10B3A00000F036F97B6801221A6002E07B68002217
:10B3B0001A60044AFB681360FB6818461037BD46E4
:10B3C00080BD00BF8013002080B586B000AFF8605C
:10B3D000B9607A603B6000237B61FB68BA685A60A1
:10B3E000FB68FA681A61BA687B689A4212D87A6870
:10B3F0003B68D21AFB689B699A4202D301237B61A6
:10B400001BE0104B1A68FB68043319461046FDF721
:10B410000CFD12E07A683B689A4206D2BA683B6833
:10B420009A4202D301237B6107E0074B1A68FB684D
:10B43000043319461046FDF7F8FC7B6918461837A7
:10B44000BD4680BD741300207013002080B58EB0FF
:10B4500002AFCAE07B68002B18DA3B1D0433FB62A5
:10B46000FB6A002B0AD14FF0500383F31188BFF31E
:10B470006F8FBFF34F8FFB6100BFFEE7FB6A1B6856
:10B48000FA6A5068FA6A9268114698477B68002BFE
:10B49000C0F2AB80FB68BB62BB6A5B69002B04D067
:10B4A000BB6A04331846FDF7F9FC3B461846FFF724
:10B4B0006BFF78627B68092B00F2968001A252F83C
:10B4C00023F000BFEDB40008EDB40008EDB40008AF
:10B4D00061B5000875B50008BFB50008EDB40008F7
:10B4E000EDB4000861B5000875B50008BB6A93F8B3
:10B4F000283043F00103DAB2BB6A83F82820BA6827
:10B50000BB6A9B69D118BB687A6AB86AFFF75CFFAF
:10B510000346002B69D0BB6A1B6AB86A9847BB6AAE
:10B5200093F8283003F00403002B5ED0BA68BB6A9E
:10B530009B691A440023009300230021B86AFFF797
:10B5400005FE38623B6A002B4FD14FF0500383F366
:10B550001188BFF36F8FBFF34F8FBB6100BFFEE752
:10B56000BB6A93F8283023F00103DAB2BB6A83F890
:10B5700028203AE0BB6A93F8283043F00103DAB29E
:10B58000BB6A83F82820BA68BB6A9A61BB6A9B6968
:10B59000002B0AD14FF0500383F31188BFF36F8F54
:10B5A000BFF34F8F7B6100BFFEE7BB6A9A697B6A7E
:10B5B000D1187B6A7A6AB86AFFF706FF15E0BB6AA2
:10B5C00093F8283003F00203002B03D1B86A00F08F
:10B5D000DFFB0AE0BB6A93F8283023F00103DAB2FC
:10B5E000BB6A83F8282000E000BF084B1B68391DA8
:10B5F00000221846FEF74AF80346002B7FF42AAFD4
:10B6000000BF00BF3037BD4680BD00BF78130020AB
:10B6100080B588B002AF48E02D4B1B68DB681B6823
:10B620003B612B4B1B68DB68DB68FB60FB6804330A
:10B630001846FDF733FCFB681B6AF8689847FB68FF
:10B6400093F8283003F00403002B2ED0FB689B698D
:10B650003A691344BB60BA683B699A420ED9FB68E9
:10B66000BA685A60FB68FA681A61194B1A68FB6875
:10B67000043319461046FDF7D8FB16E0002300936B
:10B6800000233A690021F868FFF760FD78607B6865
:10B69000002B0AD14FF0500383F31188BFF36F8F53
:10B6A000BFF34F8F3B6000BFFEE7094B1B681B6871
:10B6B000002BB1D1064B1B687B61064B1B68044A0B
:10B6C0001360044A7B69136000BF1837BD4680BD14
:10B6D000701300207413002080B582B002AF00F018
:10B6E00069F9154B1B68002B20D11448FDF74CFB62
:10B6F0001348FDF749FB134B104A1A60124B104ACE
:10B700001A6000230093114B114A10210A20FDF703
:10B7100057FC0346084A1360074B1B68002B05D0F3
:10B72000054B1B680B491846FEF768FB00F072F9E1
:10B7300000BFBD4680BD00BF781300204813002025
:10B740005C130020701300207413002024140020C8
:10B7500084130020B40D010880B485B000AFF860F8
:10B76000B9607A60FB68043BFB60FB684FF0807255
:10B770001A60FB68043BFB60BB6823F00102FB68B6
:10B780001A60FB68043BFB600C4AFB681A60FB68AC
:10B79000143BFB607A68FB681A60FB68043BFB6043
:10B7A000FB686FF002021A60FB68203BFB60FB68DD
:10B7B00018461437BD465DF8047B7047C1B70008D2
:10B7C00080B485B000AF00237B60124B1B68B3F1DF
:10B7D000FF3F0AD04FF0500383F31188BFF36F8F00
:10B7E000BFF34F8FFB6000BFFEE74FF0500383F3C2
:10B7F0001188BFF36F8FBFF34F8FBB6000BF00BFD7
:10B800007B68002BFCD000BF00BF1437BD465DF83D
:10B81000047B70473400002000000000000000009E
:10B82000074B19680868B0E8F04F80F30988BFF348
:10B830006F8F4FF0000080F311887047AFF30080E6
:10B84000400E002000BF00BF08480068006880F379
:10B8500008884FF0000080F3148862B661B6BFF329
:10B860004F8FBFF36F8F00DF00BF00BF08ED00E018
:10B8700080B586B000AF464B1B68464A93420AD15A
:10B880004FF0500383F31188BFF36F8FBFF34F8FD7
:10B890003B6100BFFEE73E4B1B683F4A93420AD123
:10B8A0004FF0500383F31188BFF36F8FBFF34F8FB7
:10B8B000FB6000BFFEE7394B7B617B691B78DBB225
:10B8C0007B607B69FF221A707B691B78DBB2FB709F
:10B8D000FB78DBB203F05003DAB2314B1A70314B14
:10B8E00007221A6009E02F4B1B68013B2D4A1360A9
:10B8F000FB78DBB25B00DBB2FB70FB78DBB203F002
:10B900008003802BEFD0274B1B68C3F10703042B68
:10B910000AD04FF0500383F31188BFF36F8FBFF34A
:10B920004F8FBB6000BFFEE71E4B1B681B021D4A0A
:10B9300013601C4B1B6803F4E0631A4A13607B68B6
:10B94000DAB27B691A70184B1B68174A43F470030C
:10B950001360154B1B68144A43F07043136000F0EA
:10B96000DDF8124B00221A6000F0FCF8104B1B6847
:10B970000F4A43F040431360FFF766FFFEF72EFFC8
:10B98000FFF71EFF002318461837BD4680BD00BFD5
:10B9900000ED00E071C20F4170C20F4100E400E011
:10B9A000741400207814002020ED00E03400002002
:10B9B00034EF00E080B483B000AF4FF0500383F366
:10B9C0001188BFF36F8FBFF34F8F7B6000BF0F4BAA
:10B9D0001B6801330D4A13600C4B1B68012B0FD100
:10B9E0000B4B1B68DBB2002B0AD04FF0500383F3E4
:10B9F0001188BFF36F8FBFF34F8F3B6000BFFEE72F
:10BA000000BF0C37BD465DF8047B70473400002052
:10BA100004ED00E080B483B000AF124B1B68002B34
:10BA20000AD14FF0500383F31188BFF36F8FBFF338
:10BA30004F8F7B6000BFFEE70A4B1B68013B094A42
:10BA40001360084B1B68002B05D100233B603B684B
:10BA500083F3118800BF00BF0C37BD465DF8047B3F
:10BA6000704700BF3400002000000000000000000C
:10BA7000EFF30980BFF36F8F154B1A681EF0100F9C
:10BA800008BF20ED108A20E9F04F10602DE9090071
:10BA90004FF0500080F31188BFF34F8FBFF36F8FCB
:10BAA000FEF79CFE4FF0000080F3118809BC196876
:10BAB0000868B0E8F04F1EF0100F08BFB0EC108A15
:10BAC00080F30988BFF36F8F704700BFAFF300802A
:10BAD000400E002000BF00BF80B582B000AF4FF025
:10BAE000500383F31188BFF36F8FBFF34F8F7B60D9
:10BAF00000BFFEF7B9FD0346002B03D0064B4FF005
:10BB000080521A6000233B603B6883F3118800BFBA
:10BB100000BF0837BD4680BD04ED00E080B400AF33
:10BB20000B4B00221A600B4B00221A600A4B1B6859
:10BB30000A4AA2FB03239B09094A013B1360044BF9
:10BB400007221A6000BFBD465DF8047B704700BF46
:10BB500010E000E018E000E028000020D34D621063
:10BB600014E000E0DFF80C00016841F470010160AE
:10BB7000704700BF88ED00E080B485B000AFEFF300
:10BB80000583FB60FB680F2B14D9174AFB6813442D
:10BB90001B78FB72154B1B78FA7A9A420AD24FF047
:10BBA000500383F31188BFF36F8FBFF34F8F7B6018
:10BBB00000BFFEE70E4B1B6803F4E0620D4B1B68F1
:10BBC0009A420AD94FF0500383F31188BFF36F8F65
:10BBD000BFF34F8F3B6000BFFEE700BF1437BD4689
:10BBE0005DF8047B704700BFF0E300E074140020B0
:10BBF0000CED00E07814002080B58AB000AF7860CA
:10BC00000023FB61FEF762FC5B4B1B68002B01D13C
:10BC100000F020F9594B1A687B681340002B40F064
:10BC200093807B68002B1DD008227B6813447B60C7
:10BC30007B6803F00703002B14D07B6823F0070315
:10BC400008337B607B6803F00703002B0AD04FF0BA
:10BC5000500383F31188BFF36F8FBFF34F8F7B6166
:10BC600000BFFEE77B68002B6ED0454B1B687A68EF
:10BC70009A4269D8434B3B62424B1B687B6204E0AB
:10BC80007B6A3B627B6A1B687B627B6A5B687A6863
:10BC90009A4203D97B6A1B68002BF1D1364B1B6893
:10BCA0007A6A9A4250D03B6A1B6808221344FB61AF
:10BCB0007B6A1A683B6A1A607B6A5A687B68D21A88
:10BCC00008235B009A421FD97A6A7B681344BB61E0
:10BCD000BB6903F00703002B0AD04FF0500383F336
:10BCE0001188BFF36F8FBFF34F8F3B6100BFFEE73B
:10BCF0007B6A5A687B68D21ABB695A607B6A7A6829
:10BD00005A60B86900F008F91D4B1A687B6A5B68D5
:10BD1000D31A1B4A13601A4B1A681B4B1B689A42B2
:10BD200003D2174B1B68184A13607B6A5A68134B7F
:10BD30001B681A437B6A5A607B6A00221A60134BA5
:10BD40001B680133114A1360FEF7CEFBFB6903F059
:10BD50000703002B0AD04FF0500383F31188BFF381
:10BD60006F8FBFF34F8FFB6000BFFEE7FB69184684
:10BD70002837BD4680BD00BF846000209860002049
:10BD8000886000207C6000208C6000209060002093
:10BD900080B586B000AF78607B687B617B68002BE4
:10BDA0004DD008235B427A6913447B617B693B6118
:10BDB0003B695A68244B1B681340002B0AD14FF093
:10BDC000500383F31188BFF36F8FBFF34F8FFB6076
:10BDD00000BFFEE73B691B68002B0AD04FF0500301
:10BDE00083F31188BFF36F8FBFF34F8FBB6000BF2A
:10BDF000FEE73B695A68144B1B681340002B1ED0AA
:10BE00003B691B68002B1AD13B695A680E4B1B68B3
:10BE1000DB431A403B695A60FEF758FB3B695A689E
:10BE20000A4B1B681344094A1360386900F074F820
:10BE3000074B1B680133064A1360FEF755FB00BF32
:10BE40001837BD4680BD00BF986000208860002084
:10BE50009460002080B485B000AF4FF49843BB607D
:10BE6000274BFB60FB6803F00703002B0CD0FB683B
:10BE70000733FB60FB6823F00703FB60BA68FB68CD
:10BE8000D31A1F4A1344BB60FB687B601D4A7B6862
:10BE900013601C4B00225A607B68BA681344FB6035
:10BEA0000822FB689B1AFB60FB6823F00703FB601A
:10BEB000FB68154A1360144B1B6800225A60124B32
:10BEC0001B6800221A607B683B603B68FA68D21AE4
:10BED0003B685A600C4B1A683B681A603B685B68A9
:10BEE0000A4A13603B685B68094A1360094B4FF0CC
:10BEF00000421A6000BF1437BD465DF8047B7047EE
:10BF00007C1400207C600020846000208C60002075
:10BF1000886000209860002080B485B000AF786011
:10BF2000284BFB6002E0FB681B68FB60FB681B683A
:10BF30007A689A42F7D8FB68BB60FB685B68BA68AE
:10BF400013447A689A4208D1FB685A687B685B6838
:10BF50001A44FB685A60FB687B607B68BB607B6847
:10BF60005B68BA681A44FB681B689A4218D1FB6880
:10BF70001A68154B1B689A420DD07B685A68FB689B
:10BF80001B685B681A447B685A60FB681B681A6808
:10BF90007B681A6008E00C4B1A687B681A6003E043
:10BFA000FB681A687B681A60FA687B689A4202D05C
:10BFB000FB687A681A6000BF1437BD465DF8047BE1
:10BFC000704700BF7C6000208460002080B483B094
:10BFD00000AF7860044A7B68136000BF0C37BD4631
:10BFE0005DF8047B704700BF9C6000200EB480B5F4
:10BFF000ADF5077D02AF07F50473A3F50373186071
:10C0000007F50873C7F80C3207F58670D7F80C32BD
:10C01000D7F81C224FF4807101F0E0FF07F504739C
:10C02000A3F5037307F10C0007F5867200921B68F5
:10C03000094A4FF4807101F00FFF084B1B6807F1AC
:10C040000C021046984700BF07F50577BD46BDE8CE
:10C05000804003B0704700BFBC0D01089C60002009
:10C060000EB480B5ADF5077D02AF07F50473A3F5F7
:10C070000373186007F50873C7F80C3207F586706C
:10C08000D7F80C32D7F81C224FF4807101F0A6FFCC
:10C0900007F50473A3F5037307F10C0007F5867227
:10C0A00000921B68094A4FF4807101F0D5FE084BDD
:10C0B0001B6807F10C021046984700BF07F505778B
:10C0C000BD46BDE8804003B0704700BFBC0D01080D
:10C0D0009C6000200A22002100F07CBF024B014638
:10C0E000186800F023B800BFFC01002070B50E4EA8
:10C0F0000C463168054611B902F026F83060214639
:10C10000284602F021F8431C0AD0C41C24F0030482
:10C11000A04207D0211A284602F016F8013001D1BA
:10C120004FF0FF34204670BDA46000202DE9F84395
:10C13000CD1C25F0030508350C2D38BF0C25002D2E
:10C14000074601DBA94205D90C233B600026304697
:10C15000BDE8F883DFF8D08000F068F8D8F8003048
:10C160001C465CBB29463846FFF7C0FF431C04460B
:10C1700055D1D8F800402646002E45D1002C48D095
:10C1800023683146384604EB030901F0DDFF8145A1
:10C190003FD121686D1A29463846FFF7A7FF0130C5
:10C1A00037D023682B442360D8F80030002B38D0D8
:10C1B0005A68A2422BD100225A600FE02268521B1B
:10C1C0001FD40B2A17D96119A342256018BF5960E3
:10C1D000636808BFC8F8001062514B60384604F12C
:10C1E0000B0600F029F826F00706231DF21AAED040
:10C1F0009B1BA350ABE7A3426268DDD1C8F80020C7
:10C20000ECE723466468ACE734467668B4E7134647
:10C21000CCE70C233B60384600F00EF897E725602A
:10C22000DCE75B60FFDE00BFA0600020014801F09A
:10C23000D8BF00BFE8610020014801F0D3BF00BFB4
:10C24000E86100202DE9F041804614460E4621B9F0
:10C25000BDE8F0411146FFF769BF2AB902F066FE5A
:10C2600025462846BDE8F08103F0C3FE8442074618
:10C2700002D8B4EB500F12D821464046FFF756FFC4
:10C2800005460028EDD0BC422246314628BF3A463A
:10C2900001F0B1FF3146404602F048FEE1E7354685
:10C2A000DFE770B504460D4645EC104B164603F02B
:10C2B0005FFD51EC100B7EB1C5F30A53C3F16B0364
:10C2C000002B09DD1B0503F17F55002405F5401502
:10C2D00022462B46F4F798F970BD000000000000DC
:10C2E0002DE9F04F2DED028B9BB0044613920022F6
:10C2F00016920D464FF000084FF000090A461592BD
:10C3000011782B294CD03AD80D2934D8082934D8A3
:10C3100000293DD000220A92159E3278302A40F042
:10C32000B480727802F0DF02582A70D102930A9B1F
:10C33000019316AB00938E4A17AB15A9204602F065
:10C34000A9FE10F00F07054605D0062F2AD10136A9
:10C35000002315960A93139B002B40F07F850A9BC0
:10C36000DBB1424609F1004343EC102B1BB0BDEC9E
:10C37000028BBDE8F08F2029CCD10132BFE72D29F7
:10C38000C8D101210A91511C15915278002AC3D1BC
:10C39000139B1595002B40F05F8542464B46E3E723
:10C3A0000021EFE7169A3AB1352118A803F0DDFD18
:10C3B0001699204603F0B0F9013F179A042F06D8CA
:10C3C000DFE807F014031D201400DDE91889E905F2
:10C3D00048BF49F0004929F000431B0D1B05002B05
:10C3E000B9D101F0D3FE22230360B4E7DDE918835D
:10C3F00002F2334223F4801343EA0259E7E7DFF8FD
:10C400007891E4E76FF000494FF0FF38DFE7159BC4
:10C410005A1C15925B78302BF9D0002B9BD001234E
:10C420004FF0000A0493159B0B93CDF824A0D3463C
:10C430000A2215980678A6F13003D9B2092926D91F
:10C440004C49012201F0E0FD002830D000203246A6
:10C4500005905E460346652A01D0452A13D11EB9D0
:10C46000049A024394D00026159D6A1C15926A789E
:10C470002B2A74D02D2A78D04FF0000CA2F1300175
:10C4800009297FD9159500279EE00023C8E7BBF155
:10C49000080FD8BF099900F10100DABF02FB013390
:10C4A000099302FB0A3A0BF1010B1590C1E7159BAA
:10C4B0005A1C15925A78BBF1000F37D005905E4692
:10C4C000A2F13003092B12D90123C4E7159B5A1C92
:10C4D00015925A780130302AF8D0A2F13103082B96
:10C4E00000F2C184159B059000200B930646303A5C
:10C4F00000F1010314D0059919440591334600EB6E
:10C50000060C0A21634513D13318082B06F10106E6
:10C5100006441ADC09990A2303FB0123099300232B
:10C52000159A511C159152781846C9E75846D2E71A
:10C53000082B03F1010303DC099F4F430997E1E74F
:10C54000102BD8BF01FB0AFADCE7102EDCBF0A2350
:10C5500003FB0A2AE3E700230593012380E74FF05A
:10C56000000CAA1C1592AA7888E74FF0010CF8E796
:10C570000C0F0108080F01080000F07F159A511CEC
:10C5800015915278302AF9D0A2F1310108293FF6ED
:10C590007AAF303A0892159A0C92159A571C159753
:10C5A0005278A2F1300EBEF1090F38D90C997F1ADA
:10C5B000082F44F61F6703DC08998F42A8BF0F4677
:10C5C000BCF1000F00D07F42002E4FD104990143EF
:10C5D0007FF4C1AE002B7FF4DBAE692A29D026DCC4
:10C5E000492A26D04E2A7FF4D3AE9B4915A802F0E3
:10C5F00091FF00283FF4CCAE159B1B78282B2FD140
:10C60000964918AA15A802F099FF052828D1199B68
:10C61000DDF8608043F0FF4949F4E0099BE6089F9C
:10C620000A2101FB0721A1F130020892B5E76E2A29
:10C63000D9E78B4915A802F06DFF00283FF4A8AE9A
:10C64000159B8849013B15A8159302F063FF10B9AB
:10C65000159B01331593DFF81C924FF000087AE622
:10C66000814801F0D9FD59EC108B74E6059B0998BF
:10C67000FB1ABBF1000F08BFB346102E08933546D6
:10C68000A8BF1025F3F746FF092E8046894613DD23
:10C69000764B03EBC50353E91223F3F7B5FF80464E
:10C6A00050468946F3F736FF02460B464046494658
:10C6B000F3F7F4FD804689460F2E38DC089B002BEB
:10C6C0003FF449AE24DD162B0BDC684901EBC301B6
:10C6D000D1E9000142464B46F3F796FF8046894672
:10C6E00039E6089AC6F12503934220DB5F4CC6F178
:10C6F0000F0604EBC60142464B46D1E90001F3F7B1
:10C7000083FF089B9E1B04EBC604D4E90023E3E7E8
:10C71000089B16330BDB059BDF1B544B03EBC70752
:10C72000D7E9002340464946F4F798F8D6E7089B36
:10C73000751B1D44002D70DD15F00F030AD04B4909
:10C7400001EBC30142464B46D1E90001F3F75CFF20
:10C750008046894635F00F054DD0B5F59A7F22DD2C
:10C760000025AB46099505952223DFF80891236043
:10C770004FF00008099B002B3FF4EDAD16992046C1
:10C7800002F0CAFF0599204602F0C6FF594620462E
:10C7900002F0C2FF0999204602F0BEFF294620465A
:10C7A00002F0BAFFD7E5324B049300232D11404627
:10C7B00049469A46012D21DC0BB1804689462C4919
:10C7C000A9F1547901EBCA0142464B46D1E9000177
:10C7D000F3F71AFF274B0A460B4027498B42804646
:10C7E000BED8A1F580118B4286BFDFF890904FF044
:10C7F000FF3802F15479002304937BE0EA0705D562
:10C80000049BD3E90023F3F7FFFE0123049A0832C7
:10C810000AF1010A6D100492CCE7ECD06D4215F0DC
:10C820000F020AD0114B03EBC20340464946D3E93D
:10C830000023F4F713F8804689462D11DBD01F2D15
:10C840001EDD0025AB460995059522234FF0000813
:10C850004FF0000923608DE76E100108200F0108DA
:10C8600066100108A5100108301301081012010814
:10C87000E81101080000F07F0000A07CFFFFEF7FBF
:10C8800015F0100318BF6A23DFF8A0A304934046F5
:10C8900049460023EA0704D5DAE90023F3F7B4FE9A
:10C8A00001236D100AF1080AF4D10BB180468946C4
:10C8B000049BBBB1C9F30A52C2F16B03002B49467A
:10C8C00010DD1F2B40F31E81342BDEBF4FF0FF33F2
:10C8D000C2F14B0293404FF00008CCBF4FF05C799F
:10C8E00003EA01090022002340464946F4F7F4F820
:10C8F0000028A6D1099B00930B9933465A4620463F
:10C9000002F072FF099000283FF42AAF089A059BB5
:10C91000002AA3EB0703A8BF00230C93002522EAFB
:10C92000E2731293AB46099B2046596802F0B4FEAD
:10C93000059000283FF418AF099B1A69023203F1F1
:10C940000C0192000C3001F056FC49EC108B18AA37
:10C9500017A9204603F07CFA49EC188B16900028A2
:10C960003FF402AF0121204602F0D6FF83460028A3
:10C970003FF4FAAE179E189A002EABBF0C9B129B89
:10C98000129FDDF830A0ACBF06EB030A9F1B049B8F
:10C99000F61A1644A04B013E9E42C2F1360280F2C6
:10C9A000C4809B1B1F2BA2EB03024FF0010100F37D
:10C9B000B08001FA03F30E9300230D930AEB0206F5
:10C9C000049BB24517441F445346A8BF3346BB429D
:10C9D000A8BF3B46002BC2BFF61AFF1AAAEB030AF8
:10C9E0000C9B002B17DD59461A46204603F054F8DD
:10C9F000834600283FF4B8AE0146169A204602F05E
:10CA0000A1FF0B9000283FF4AFAE1699204602F02C
:10CA100083FE0B9B1693002E00F38C80089B002B4B
:10CA200008DD129A0599204603F036F80590002893
:10CA30003FF49AAE002F08DD05993A46204603F0F0
:10CA400085F8059000283FF48FAEBAF1000F08DD9D
:10CA500059465246204603F079F8834600283FF4B1
:10CA600083AE059A1699204603F0F8F8054600288B
:10CA70003FF47AAEC3680B930023C360594603F0BA
:10CA8000D1F8002860DA0B9B53EA080340F0848059
:10CA9000C9F31303002B7FD129F000431B0D1B05A5
:10CAA000B3F1D66F78D96B6913B92B69012B73DD9C
:10CAB00029460122204603F049F85946054603F06D
:10CAC000B1F8002868DD0499544A4B46002900F06B
:10CAD000848002EA0901B1F1D66F7EDCB1F15C7F9E
:10CAE0007FF7B3AE4E4B404649460022F3F78CFD2C
:10CAF0004A4B0B4080468946002B7FF43FAE2223F1
:10CB000023603BE64FF0FF3202FA03F303EA080822
:10CB1000E8E6C6F17F4606F57F0606F57B46E23677
:10CB200001FA06F3CDE90D3148E700210123CDE9F3
:10CB30000D1343E716993246204603F007F8169086
:10CB400000287FF46BAF0FE6CA4671D10B9AC9F388
:10CB5000130352B3334A93422AD1049B4146FBB19B
:10CB60002E4B09EA0303B3F1D46F4FF0FF321AD80A
:10CB70001B0DC3F16B0302FA03F3994218D12A4B40
:10CB80009A4502D101313FF4EFAD244B0AEA030389
:10CB900003F580194FF00008049B002BA2D1EDE5AE
:10CBA0004FF0FF33E9E71346E7E753EA08038AD07B
:10CBB0000D9BE3B113EA0A0FEED00B9B049A40469B
:10CBC0004946C3B1FFF76DFB02460B4651EC180B0B
:10CBD000F3F764FB80468946DEE71340A3F5801334
:10CBE0006FEA13596FEA09594FF0FF38D4E70E9BEB
:10CBF00013EA080FE0E7FFF754FB02460B4651EC3F
:10CC0000180BF3F749FB0022002380468946F3F70F
:10CC100063FF0028C0D018E602FCFFFF0000F07F91
:10CC200000005039FFFF0F00FFFFEF7F380F0108B2
:10CC30005946284603F066F957EC106B10EE100ABF
:10CC400000224FF080433946F3F75AFF002871D095
:10CC50000B9B002B7CD1B8F1000F5AD1C9F3130301
:10CC6000002B5DD1904B002230463946F3F73EFF52
:10CC700000285CD1304639468C4B0022F3F7C4FCC7
:10CC800006460F4607F1004306960793DDE90623A3
:10CC9000CDE90E23864B0AEA03030D930D9A854BCB
:10CCA0009A4240F09080AAF1547949EC108B03F03D
:10CCB0005FF8DDE9062351EC100BF3F7A5FC4246C3
:10CCC0004B46F3F7EBFA0B4679497B4A1940914200
:10CCD000804644D918EE902A784B9A4204D118EE37
:10CCE000103A01333FF440ADDFF8D0914FF0FF38F8
:10CCF0001699204602F010FD0599204602F00CFD21
:10CD00005946204602F008FD2946204602F004FD5F
:10CD100009E6B8F1010F03D1B9F1000F3FF495AD69
:10CD20009FED557B604F8DED067B0026AEE75F4F94
:10CD30000026A7E75D4B304639460022F3F764FC36
:10CD40000B9B06460F46002B9CD0CDE906679DE75E
:10CD50009FED4B7B8DED067B57EC176B96E703F150
:10CD60005479049BCA46002BC2D129F000430D9A86
:10CD70001B0D1B059A42BBD130463946F3F7A4FF81
:10CD8000F3F714FC02460B4630463946F3F784FAB3
:10CD90000B9AC9F3130343EA0803134306460F46ED
:10CDA00054D039A3D3E90023F3F7A0FE00287FF481
:10CDB000E5AC37A3D3E9002330463946F3F7B4FE98
:10CDC000002895D0DAE4049B33B30D9BB3F1D46F04
:10CDD00022D831A3D3E9002330463946F3F790FE39
:10CDE000A0B139463046F3F7E7FE012838BF0120ED
:10CDF000F3F790FB0B9B06460F4623BB01F1004364
:10CE000010901193DDE91023CDE90E230F9B0D9AAD
:10CE100003F1D6639B1A0F93DDE90E01B0EE480AC9
:10CE2000F0EE680ACDE90E0102F0A2FFDDE90E0185
:10CE300053EC102BF3F7E8FB53EC182BF3F72EFA17
:10CE4000804689468DE7CDE91067DBE714A3D3E977
:10CE50000023F3F74BFEB3E700230A93139A159BC5
:10CE60001360FFF77CBA652A3FF475AB452A3FF49F
:10CE700072AB0123FFF7AABB000000000000F0BF67
:10CE8000000000000000F03F9535A094FFFFDF3F59
:10CE900035E5AF350000E03F0000C0FFFFFFDF4198
:10CEA0009535A094FFFFCF3F0000F03F0000E03F2A
:10CEB0000000F07F0000E07FFFFF9F7CFFFFEF7F1F
:10CEC000014BFFF70DBA00BF44000020012B2DE9F4
:10CED000F04701D0242B06D901F058F9162303603E
:10CEE0000020BDE8F087DFF8E4C00D462E4615F8B7
:10CEF000014B1CF8047017F00807F7D12D2C32D124
:10CF00002C780127B51C002B5BD0102B09D1302CBD
:10CF100007D12C7804F0DF04582C4DD16C78102305
:10CF2000023507F1004808F1FF384FF0000EB8FB5A
:10CF3000F3F9764603FB198AA4F1300CBCF1090F12
:10CF400016D86446A34224DDBEF1FF3F08D0B145A8
:10CF50001CD301D1A24519DB06FB03464FF0010E9D
:10CF600015F8014BE8E72B2C04BF2C78B51CCAE759
:10CF7000A4F1410CBCF1190F01D8373CE2E7A4F150
:10CF8000610CBCF1190F04D8573CDBE74FF0FF3EB2
:10CF9000E6E7BEF1FF3F05D122230360464642B9D2
:10CFA00030469EE707B17642002AF9D0BEF1000F65
:10CFB00000D0691E1160F3E73024002BB1D10823A3
:10CFC000AFE7302CA5D00A23ABE700BF610F010803
:10CFD000FFF77CBF13460A46014602480068FFF788
:10CFE00075BF00BFFC0100202DE9FF4755EC104B39
:10CFF000002D0E4619462B46BBBF05F100431D46CA
:10D0000000232D230B700D9BDDF830A0914623F0FB
:10D010002008BCBF22461446B8F1460F05D0B8F12F
:10D02000450F00D10136022100E0032103AB01933B
:10D0300002AB009345EC104B5346324601F084F9A5
:10D04000B8F1470F074602D119F0010F22D0B8F10D
:10D05000460F07EB060910D13B78302B0AD100228E
:10D06000002320462946F3F737FD18B9C6F101061B
:10D07000CAF80060DAF80030994400220023204604
:10D080002946F3F729FD08B1CDF80C903022039B17
:10D090004B4507D3039B0E9ADB1B3846136004B045
:10D0A000BDE8F087591C03911A70F0E7F7B5034605
:10D0B0000029B8BF494203F8022BB4BF2D222B220E
:10D0C000092942702ADD0DF1070217460A26944607
:10D0D00091FBF6F506FB151430340CF8014C0C46A8
:10D0E000632C02F1FF322946F1DC3031ACF102044D
:10D0F00002F8011C411C2246BA420AD30DF1090272
:10D10000A2EB0C02BC4288BF00221344181A03B0E1
:10D11000F0BD12F8015B01F8015FEDE7302330311B
:10D120008370C170031DF1E72DE9F04F2DED028BE7
:10D130008DB00C46DDF8608016461F46054600F0AF
:10D1400075FFD0F800A05046F3F79AF800230A9331
:10D1500023680593D8F8003094F818B0073323F00B
:10D16000070303F10802C8F80020D3E9008929F079
:10D1700000430793CDF8188008EE100AC4E912891D
:10D18000DDE906019E4B4FF0FF32F3F7D7FC88BB79
:10D19000DDE906019A4B4FF0FF32F3F7B1FC48BBD3
:10D1A0000022002340464946F3F7A0FC10B12D238E
:10D1B00084F84330934A944BBBF1470F94BF904699
:10D1C000984603232361059B23F0040323604FF05B
:10D1D0000009009733460BAA2146284600F0DAF9E9
:10D1E000013040F090804FF0FF300DB0BDEC028B6D
:10D1F000BDE8F08F42464B4640464946F3F79EFC59
:10D2000040B14B46002BBCBF2D2384F843307F4AEE
:10D210007F4BD1E763680BF0DF0206925A1C3FD1C7
:10D2200006236360059B616843F4806200230393D7
:10D230000AABCDE901B309AB49EC108B0093226036
:10D240000DF123032846FFF7CFFE069B0999472BD4
:10D25000804608D1C81C02DB6368994241DDABF10E
:10D2600002035FFA83FBBBF1650F20D801395A46F0
:10D2700004F150000991FFF719FF0A9A1318012AC7
:10D280008146236102DC2268D20701D50133236184
:10D290009DF82330002B9CD02D2384F8433098E751
:10D2A000069A472ABED1002BBCD10123B9E7BBF1B6
:10D2B000660F18D1002963680BDD216113B922685C
:10D2C000D00702D501330B442361A1654FF000095B
:10D2D000DEE713B92268D20701D50233F4E7012350
:10D2E000F2E74FF0670B0A9B994205DB2368216147
:10D2F000D807EAD54B1CE7E70029D4BFC1F10202E9
:10D3000001221344E0E723685A0507D42369424603
:10D3100031462846B84701302CD164E7BBF1650F90
:10D3200040F2E080D4E9120100220023F3F7D4FB9D
:10D33000002834D0374A012331462846B847013007
:10D340003FF451AFDDE909239A4202DB2368D80795
:10D3500010D518EE103A524631462846B8470130EB
:10D360003FF441AF4FF0000804F11A090A9B013B5A
:10D37000434509DC23689B0700F10781E0680B9BAC
:10D380009842B8BF184630E701234A46314628463E
:10D39000B84701303FF427AF08F10108E6E7099BE1
:10D3A000002B39DC1B4A012331462846B84701309F
:10D3B0003FF419AFDDE90932134302D12368D907DD
:10D3C000D8D518EE103A524631462846B8470130B3
:10D3D0003FF409AF4FF0000904F11A0A099B5B42C0
:10D3E0004B4501DC0A9B92E7012352463146284611
:10D3F000B84701303FF4F7AE09F10109EEE700BF8D
:10D40000FFFFEF7F61100108651001086910010836
:10D410006D100108711001080A9AA36D9A42A8BF05
:10D420001A46002A914637DC4FF0000B29EAE979C9
:10D4300004F11A02A36D0593A3EB09035B4533DCEA
:10D44000DDE909239A423BDB2368DA0738D4DDE9BA
:10D450000932A2EB0309059BD21A9145A8BF914658
:10D46000B9F1000F35DC4FF0000829EAE97904F141
:10D470001A0ADDE909239B1AA3EB090343457FF749
:10D4800079AF0123524631462846B84701303FF470
:10D49000AAAE08F10108ECE7134631464246284699
:10D4A000B8470130C0D19EE6012331462846059297
:10D4B000B84701303FF497AE059A0BF1010BB9E77D
:10D4C00018EE103A524631462846B8470130BED1D0
:10D4D00089E6059A4B46424431462846B847013012
:10D4E000C1D180E60A9A012A01DCDB073AD5012383
:10D4F000424631462846B84701303FF474AE18EE34
:10D50000103A524631462846B84701303FF46BAED8
:10D51000D4E9120100220023DDF828A0F3F7DCFA99
:10D52000D8B90AF1FF3308F1010231462846B8475D
:10D5300001300ED157E60123524631462846B847FE
:10D5400001303FF450AE08F101080A9B013B43450E
:10D55000F1DC4B4604F15002DAE64FF0000804F12A
:10D560001A0AF2E701234246DFE701234A46314621
:10D570002846B84701303FF436AE08F10108E368A9
:10D580000B995B1A4345F0DCF8E64FF0000804F114
:10D590001909F4E72DE9F047164699468A680B69A0
:10D5A000DDF820809342B8BF1346336091F84320E2
:10D5B00007460C460AB1013333602368990642BF1F
:10D5C000336802333360256815F0060506D104F18F
:10D5D000190AE36832689B1AAB4226DC94F84320B0
:10D5E000131E226818BF012392062BD404F14302B4
:10D5F00049463846C04701301ED02368226903F0EF
:10D600000603042B02BFE5683368ED1AA3680CBF5C
:10D6100025EAE57500259342C4BF9B1AED18002644
:10D620001A34B5421AD1002008E001235246494677
:10D630003846C047013003D14FF0FF30BDE8F087D6
:10D640000135C6E7E1185A1C302081F84300224416
:10D6500094F8451082F843100233C7E701232246AD
:10D6600049463846C0470130E6D00136D9E70000C8
:10D670002DE9FF470F7E0C9D782F914680460C4682
:10D680009A4601F1430207D8622F0AD8002F00F012
:10D69000D480582F00F0C08004F1420584F8427015
:10D6A0003AE0A7F16303152BF6D801A151F823F056
:10D6B00009D700081DD7000899D6000899D6000898
:10D6C00099D6000899D600081DD7000899D60008F9
:10D6D00099D6000899D6000899D6000821D80008E4
:10D6E00049D70008DBD7000899D6000899D600086A
:10D6F00043D8000899D6000849D7000899D60008F1
:10D7000099D60008E3D700082B681A1D1B682A6009
:10D7100004F1420584F8423001239FE020682B6821
:10D72000070603F10401296001D51E6803E04606DF
:10D73000FBD5B3F90060002E03DA2D23764284F87E
:10D7400043305A480A2312E02B682068191D2960CB
:10D75000050601D51E6802E04106FBD51E88534828
:10D760006F2F0CBF08230A23002184F8431065683B
:10D77000A560002DA2BF216821F0040121600EB92F
:10D78000002D4BD01546B6FBF3F103FB1167C75DC7
:10D7900005F8017D3746BB420E46F4D9082B0BD164
:10D7A0002368DE0708D5236961689942DEBF30230C
:10D7B00005F8013C05F1FF35521B2261CDF800A0B0
:10D7C0004B4603AA21464046FFF7E4FE01304AD10A
:10D7D0004FF0FF3004B0BDE8F087236843F020032A
:10D7E00023603348782784F84570236829681F062A
:10D7F00051F8046B02D45F0648BFB6B2DF0748BFDA
:10D8000043F02003296048BF23601EB9236823F03A
:10D81000200323601023A7E72448E4E71546BDE76B
:10D820002B6826686169181D286035061B6801D5BC
:10D83000196002E07006FBD51980002323611546AC
:10D84000BCE72B681A1D2A601D6862680021284603
:10D85000F2F7C6FC08B1401B6060636823610023D7
:10D8600084F84330AAE723692A4649464046D04710
:10D870000130ADD023689B0713D4E068039B984226
:10D88000B8BF1846A6E70123324649464046D0476E
:10D8900001309DD00135E36803995B1AAB42F2DC9D
:10D8A000EBE7002504F11906F5E700BF7310010846
:10D8B000841001082DE9F04F87B0174603938B6859
:10D8C0005A1EB2F5AE7F83BF6FF4AE755B1902933B
:10D8D000002386BF40F25D138B6002930B688B467A
:10D8E000002543F4F0634BF81C3BCDE9045580461A
:10D8F0000C465E46AA46A9460195A26852B13B680D
:10D900001B784E2B64D8402B3CD8A3F12B01C8B216
:10D910000E283AD9B9F1000F03D0236823F480739D
:10D9200023600AF1FF3ABAF1010F00F213815E455C
:10D9300000F205810125284607B0BDE8F08FA3F16C
:10D9400061020D2AE6D801A151F822F08BDA000815
:10D9500015D9000815D9000815D90008EBDA000818
:10D96000C3DA000815D9000815D9000899DA0008AB
:10D9700015D9000815D9000815D9000815D90008CF
:10D9800051DA0008A3F14102DBE70E29C2D801A059
:10D9900050F821F043DA000815D9000843DA0008EE
:10D9A000D7DA000815D90008F1D900082DDA0008E7
:10D9B0002DDA00082DDA00082DDA00082DDA00082B
:10D9C0002DDA00082DDA00082DDA00082DDA00081B
:10D9D0006E2B09D8602BB2D8542B77D0592B99D104
:10D9E000072D97D1082529E0742B6FD0792BF6E706
:10D9F0002168C8051AD5029B21F08001216009F138
:10DA000001091BB1013B01320293A260A368013BF3
:10DA1000A3602369013323617B68013B002B7B609A
:10DA200040F384803B6801333B6066E71AEB050FE7
:10DA30007FF470AF226822F4C072226006F8013BC6
:10DA4000E4E7226810067FF565AF22F08002F4E774
:10DA5000BAF1000F0ED1B9F1000F0ED1226802F415
:10DA6000E061B1F5E06F08D122F4F06222604FF07E
:10DA7000010AE3E7BAF1020F55D0012D02D0042DBF
:10DA80007FF448AF0135EDB2D8E7BAF1010F7FF46A
:10DA900041AF4FF0020AD1E77DB9B9F1000F7FF431
:10DAA0003CAF226802F4E061B1F5E06F7FF439AF7A
:10DAB00022F4F06222600125C0E7032DE2D0052D9B
:10DAC000DEE7022D7FF426AF0325B7E7062D7FF4AE
:10DAD00021AF0725B2E7226891057FF51BAF22F43D
:10DAE00020722260CDF80490A8E7226802F4A061B9
:10DAF000B1F5806F06D050057FF50CAFB9F1000F7E
:10DB00003FF40FAF910558BF019922F4F06258BF5E
:10DB1000A9EB010142F4C07258BFCDE9041622609E
:10DB20004FF000098AE74FF0030A87E7D4F8803105
:10DB300039464046984700283FF4DFAEEAE6D4F87D
:10DB40007C3116F8011D3A46404698472369013B4F
:10DB50002361ECE66B1E062B25D8022D36D85E45D8
:10DB60007FF6E8AED4F87C3116F8011D3A464046FF
:10DB700098472369013B2361F1E70298D4F87C318F
:10DB800010F8011D02903A46404698472369013B30
:10DB900023610AF1FF3A5FFA8AFABAF1020FECD177
:10DBA000033DEDB2761B2368DA052FD55B0510D552
:10DBB0005E457FF6BFAED4F87C3116F8011D3A46BB
:10DBC000404698472369013B2361F1E7AA46029644
:10DBD000DFE716F8011C2369652903F1FF3306F11D
:10DBE000FF3523610CD045290AD0D4F87C313A4660
:10DBF00040469847236916F8021C013BB51E236175
:10DC0000D4F87C313A46404698472E46256815F0B0
:10DC1000100558D13570236803F4C063B3F5806FE5
:10DC20001CD1019B4B45A3EB090224D1002259468C
:10DC30004046FFF745F9039B21681B6811F0020F6E
:10DC400057EC106B03F1040220D003990A601B68A3
:10DC5000C3E90067E3680133E3606CE6049B002BD3
:10DC6000E4D005990A232A4601314046FFF7B0F96E
:10DC7000049B059EC21A04F26F139E4228BF04F54E
:10DC8000B7761249304600F01BF9CFE711F0040FC8
:10DC900003990A60DBD1D3F8008010EE102A10EE51
:10DCA000100A3B463946F2F749FF28B1084800F010
:10DCB000BBFA88ED000ACDE730463946F2F79CFF03
:10DCC000C8F80000C6E7002535E600BF951001083A
:10DCD00030130108002310B50446C0E90033C0E941
:10DCE0000433836081814366C281836119460822BF
:10DCF0005C3000F081F90D4B63620D4BA3620D4B5C
:10DD0000E3620D4B23630D4B24629C4206D003F16A
:10DD10006802944202D0D0339C4205D104F15800ED
:10DD2000BDE8104000F05CBA10BD00BF01DF000884
:10DD300023DF00085BDF00087FDF0008A860002009
:10DD4000024A0349034800F069B800BF38000020C8
:10DD5000D9030108B001002041680C4B994210B56D
:10DD6000044601D002F038FBA168094B994202D069
:10DD7000204602F031FBE168064B994204D0204670
:10DD8000BDE8104002F028BB10BD00BFA860002015
:10DD9000106100207861002010B50B4B0B4C0C4A31
:10DDA0001A60204600220421FFF794FF04F1680066
:10DDB00001220921FFF78EFF04F1D0000222BDE805
:10DDC00010401221FFF786BFE0610020A86000200C
:10DDD00041DD0008014800F004BA00BFE9610020FD
:10DDE000014800F0FFB900BFE961002010B504460A
:10DDF000FFF7F0FF236A1BB1BDE81040FFF7F0BF4B
:10DE0000044B2362044B1B68002BF5D1FFF7C4FFC2
:10DE1000F2E700BF59DD0008E06100202DE9F8437A
:10DE20000746884614460026D4E90195B9F1010950
:10DE300005D52468002CF7D13046BDE8F883AB89BE
:10DE4000012B07D9B5F90E30013303D029463846E6
:10DE5000C04706436835E9E70CB430B5174B0C1ED4
:10DE60001D689DB008DA8B232B604FF0FF301DB08A
:10DE7000BDE8304002B070474FF40273ADF8143083
:10DE800014BF04F1FF332346049307934FF6FF7347
:10DE900002900690ADF81630209A21AB02A92846D0
:10DEA000019302F015F9431CBCBF8B232B60002C9F
:10DEB000DDD0029B00221A70D9E700BFFC010020D0
:10DEC0000EB400B59CB01DAB029006906FF00041FF
:10DED000094807910491094953F8042B05910068FA
:10DEE000019302A902F0F4F8029B00221A701CB000
:10DEF0005DF804EB03B07047FC0100200802FFFF4F
:10DF000010B50C46B1F90E1000F00CF90028ABBFAB
:10DF1000636DA3891B1823F48053ACBF6365A38191
:10DF200010BD2DE9F0411F468B89DB0505460C46E7
:10DF3000164605D5B1F90E100223002200F0E0F8D4
:10DF4000A389B4F90E1023F48053A38132463B46D3
:10DF50002846BDE8F04100F007B910B50C46B1F90C
:10DF60000E1000F0CDF8431CA38915BF606523F4A3
:10DF7000805343F48053A38118BFA38110BDB1F92E
:10DF80000E1000F057B830B51446002C9BB0054673
:10DF90001A4605DA8B2303604FF0FF301BB030BD0B
:10DFA0004FF40273ADF80C3014BF04F1FF33234675
:10DFB000029305934FF6FF7300910491ADF80E3074
:10DFC00069461E9B02F084F8431CBCBF8B232B6068
:10DFD000002CE3D0009B00221A70DFE707B5009306
:10DFE00013460A46014603480068FFF7CCFF03B01A
:10DFF0005DF804FBFC01002002440346934200D17B
:10E00000704703F8011BF9E710B56AB101398418AC
:10E0100010F8012B11F8013F9A4203D1A04201D020
:10E02000002AF5D1D01A10BD1046FCE70048704711
:10E030003401002038B5064D0023044608462B6005
:10E04000F4F71BFB431C02D12B6803B1236038BDDE
:10E05000E4610020294B1B68834270B504464BD015
:10E06000C36943B1DB68002B44D1E369196811B17E
:10E07000204600F05BFF616911B1204600F056FFB9
:10E08000E16911B1204600F051FF216B11B120462A
:10E0900000F04CFF616B11B1204600F047FFA16B0F
:10E0A00011B1204600F042FFA16C11B1204600F0F2
:10E0B0003DFF616C11B1204600F038FFE16A11B1FB
:10E0C000204600F033FF236AB3B12046BDE870401C
:10E0D0001847495941B90435E369802DD968F8D109
:10E0E000204600F023FFC0E70E68204600F01EFF28
:10E0F0003146EFE70025EFE770BD00BFFC010020CF
:10E1000038B5074D04460846114600222A601A46D3
:10E11000F4F7DAFA431C02D12B6803B1236038BD4F
:10E12000E461002038B5074D044608461146002238
:10E130002A601A46F4F768FA431C02D12B6803B12F
:10E14000236038BDE461002038B5064D0023044645
:10E1500008462B60F4F7C6FA431C02D12B6803B1C2
:10E16000236038BDE461002038B5074D04460846F9
:10E17000114600222A601A46F4F763FA431C02D1C2
:10E180002B6803B1236038BDE4610020014B18689F
:10E19000704700BFFC01002070B50D4D0D4C641B95
:10E1A000A4100026A64209D10B4D0C4C02F04AFDEA
:10E1B000641BA4100026A64205D170BD55F8043B8F
:10E1C00098470136EEE755F8043B98470136F2E7E9
:10E1D0003C1301083C1301083C13010840130108DB
:10E1E000704770477047034611F8012B03F8012B65
:10E1F000002AF9D170470A44914200F1FF3300D15F
:10E20000704710B511F8014B03F8014F9142F9D155
:10E2100010BD0000000000009FED010B704700BF23
:10E22000000000000000F87F9FED010A704700BF6A
:10E230000000C07F2DE9F74F03690C69A342074630
:10E240007EDB013C01F1140800F1140505EB8403A9
:10E25000019358F8243055F8242001339A424FEAAC
:10E26000840B08EB8409B2FBF3F631D34FF0000EB8
:10E270004046AC46F24650F8042B93B206FB03E34B
:10E280004FEA124E1A0C9BB2AAEB0303DCF800A073
:10E2900013FA8AF306FB0E220093009B4FEA124EFC
:10E2A00092B2C2EB1A4202EB2342BDF80030814524
:10E2B00043EA02434CF8043B4FEA224ADBD255F8CA
:10E2C0000B302BB9019B043B9D421A462CD33C6179
:10E2D000384601F0A7FC002822DB01362946002041
:10E2E00058F8042BD1F800C093B2C31A120C13FAD9
:10E2F0008CF3C2EB1C4202EB23429BB243EA024383
:10E30000C14541F8043B4FEA2240E9D255F82420A8
:10E3100005EB840322B9043B9D421A460AD33C61B3
:10E32000304603B0BDE8F08F1268043B002ACED11E
:10E33000013CC9E71268043B002AF0D1013CEBE73D
:10E340000020EEE7000000002DE9F04F2DED048BDA
:10E35000C56993B08DED020B57EC106BDDF8808032
:10E36000079104460A920D9375B91020FDF7B6FE89
:10E370000246E06120B9AE4BEF21AE4802F06EF8E4
:10E38000C0E901550560C560E369196851B15A6873
:10E390004A60012393408B60204601F0BDF9E36998
:10E3A00000221A603B1EBBBF23F0004303930023EF
:10E3B0000122ACBFC8F80030C8F800209E4BDDF841
:10E3C0000C8033EA08031BD10D9A42F20F731360DD
:10E3D000C8F31303334300F09385219B63B9974B34
:10E3E00027E0974B00930833219A1360009813B0ED
:10E3F000BDEC048BBDE8F08F904B00930333F3E743
:10E400009DED027B002251EC170BB0EE478AF0EE37
:10E41000678A0023F2F760FB814660B10D9A012301
:10E420001360219B002B00F06885864B219A1360B6
:10E43000013B0093DAE710AA11A92046B0EE480A82
:10E44000F0EE680A01F004FDC8F30A558246002D7B
:10E450007FD018EE903AC3F3130343F07F5351EC8F
:10E46000180B43F44013A5F2FF35CDF83890194648
:10E470000022754BF1F710FF67A3D3E90023F2F7F1
:10E48000C3F867A3D3E90023F1F708FF064628463F
:10E490000F46F2F74FF864A3D3E90023F2F7B4F87C
:10E4A00002460B4630463946F1F7F8FE06460F465F
:10E4B000F2F75AFB00228346002330463946F2F732
:10E4C00015FB48B15846F2F735F832463B46F2F7AD
:10E4D00003FB08B90BF1FF3BBBF1160F57D85B4BA1
:10E4E00003EBCB03D3E9002351EC180BF2F7FEFA50
:10E4F00000284ED00BF1FF3B00230C93109B5B1BBD
:10E500005A1E45BFC3F10103059300230023069261
:10E5100054BF05930693BBF1000F3CDB069BCDF87F
:10E520002CB05B44069300230893079B092B68D803
:10E53000052BC4BF043B0793079BA3F10203CCBF89
:10E5400000250125032B00F28580DFE803F02E3B38
:10E550003958DDE910531D4405F23243202BC1BF69
:10E56000C3F1400308FA03F805F2124326FA03F355
:10E57000D6BFC3F1200348EA030006FA03F0F1F71F
:10E58000C9FF0122A1F1F873013D0E926FE701234B
:10E59000B3E70C90B2E7059BA3EB0B030593CBF11C
:10E5A0000003089300230B93BFE7002309930A9B02
:10E5B000002B52DC0123019304931A460A920BE0CC
:10E5C0000123F3E7002309930A9B5B440193013382
:10E5D000012B0493B8BF0123E0690021042202F15A
:10E5E00014069E423DD94160204601F055F8009046
:10E5F000002839D1164B024640F2AF11BDE6012387
:10E60000E1E701250023079309954FF0FF330193BC
:10E61000049300221223D1E761436F63A787D23F9F
:10E62000B3C8608B288AC63FFB799F501344D33F01
:10E63000AF100108C61001080000F07FAB10010800
:10E64000A2100108721001080000F83F1012010822
:10E650001E11010801230993D7E70A9B0193049334
:10E66000BAE701315200BAE7E369009A1A60049BE5
:10E670000E2B00F2A880002D00F0A580BBF1000F4A
:10E6800038DDC04B0BF00F0203EBC2031BF4807F9D
:10E69000D3E900674FEA2B1819D0BB4B51EC180B8C
:10E6A000D3E90823F2F7DAF8CDE9020108F00F0800
:10E6B0000325DFF8D492B8F1000F0AD1DDE9020199
:10E6C00032463B46F2F7CAF8CDE902012BE00225BB
:10E6D000EFE718F0010F08D030463946D9E900239A
:10E6E000F1F792FF013506460F464FEA680809F137
:10E6F0000809E0E700F09F80CBF10006A14BA24F94
:10E7000006F00F0203EBC203D3E9002351EC180B10
:10E71000F1F77AFFCDE90201361100230225002E20
:10E720007ED1002BD0D10C9BDDE90289002B00F0BB
:10E730008480964B002240464946F2F7D7F90028DC
:10E740007BD0049B002B78D0019B002B39DD904BB4
:10E75000002240464946F1F757FFCDE90201019EEC
:10E760000BF1FF370135DDE902892846F1F7E2FEBA
:10E7700042464B46F1F748FF864B0022F1F78EFDEB
:10E78000A1F15073CDE902010393002E58D1824BC1
:10E79000002240464946F1F77FFDDDE9022380462D
:10E7A0008946F2F7C1F9002840F09682DDE902219E
:10E7B000404601F100434946F2F798F9002840F03D
:10E7C00089828DED028B119B002BC0F24E81BBF133
:10E7D0000E0F00F34A816B4B03EBCB03D3E90089A7
:10E7E0000A9B002B80F2DC80049B002B00F3D88076
:10E7F00040F06F82684B002240464946F1F704FF23
:10E80000DDE90223F2F786F9049E3746002840F03E
:10E810004582009D312305F8013B0BF1010B41E2DC
:10E82000F20705D5D7E90023F1F7EEFE0135012304
:10E830007610083773E7022575E7049E5F4692E776
:10E840000099504B9DED027B314402910999B0EE45
:10E85000479AF0EE679A03EBC60353E902230029B7
:10E8600044D04E490020F1F7F9FF53EC192BF1F792
:10E8700013FD009D41EC190B49464046F2F774F92F
:10E880000646F1F757FE02460B4640464946F1F769
:10E8900003FD303605F8016B53EC192B8046894691
:10E8A000F2F724F9002864D142464B46374900204C
:10E8B000F1F7F2FC53EC192BF2F718F9002840F0AD
:10E8C000B680029B9D423FF47CAF314B51EC190B5B
:10E8D0000022F1F799FE2E4B41EC190B0022404625
:10E8E0004946F1F791FE80468946C5E751EC170B82
:10E8F000F1F78AFE029B009D0F9341EC190B4946EC
:10E900004046F2F731F90646F1F714FE303602467A
:10E910000B4640464946F1F7BFFC05F8016B029BE8
:10E920009D42804689464FF0000224D11B4B51EC9A
:10E93000190BF1F7B3FC02460B4640464946F2F785
:10E94000F3F8002873D153EC192B14490020F1F788
:10E95000A3FC02460B4640464946F2F7C7F800289A
:10E960003FF42FAF0F9D6B1E0F9315F8013C302B1A
:10E97000F8D0BB464AE0064BF1F746FE8046894692
:10E98000BDE700BF10120108E81101080000F03FC8
:10E990000000244000001C40000014400000E03F44
:10E9A000DDE90267009D42464B4630463946F1F7A5
:10E9B00055FFF2F7D9F80190F1F7BCFD42464B46FE
:10E9C000F1F722FE02460B4630463946F1F764FC69
:10E9D000019E049F303605F8016B009EAE1BB742C6
:10E9E00002460B4634D1F1F759FC42464B460646E7
:10E9F0000F46F2F799F8C8B942464B4630463946B9
:10EA0000F2F76AF810B1019BDB070FD4514620469C
:10EA100000F082FE00230D9A2B700BF101031360AE
:10EA2000219B002B3FF4E2AC1D60DFE45F462B46E8
:10EA30001D4613F8012D392A06D1009A9A42F7D1C2
:10EA40000099302201370A701A7801321A7090E763
:10EA5000A34B0022F1F7D8FD0022002306460F4603
:10EA6000F2F73AF800289ED0D0E7099A002A00F081
:10EA7000CA80079A012A00F3AD800E9A002A00F09E
:10EA8000A58003F23343089E059D059A1A4405921A
:10EA9000069A01211A442046069200F03DFF0746DF
:10EAA00065B1069B002B09DDAB42059AA8BF2B463A
:10EAB000D21A0592069AED1AD31A0693089BF3B15F
:10EAC000099B002B00F0A380002E10DD3946324652
:10EAD000204600F0E1FF524601460746204600F07E
:10EAE00031FF51468046204600F016FEC246089B84
:10EAF0009A1B04D05146204600F0CEFF82460121E9
:10EB0000204600F009FF0B9B002B064640F3818056
:10EB10001A460146204600F0BFFF079B012B064620
:10EB20007ADD4FF00008336906EB8303186900F0C3
:10EB3000A5FEC0F12000069B184410F01F0000F055
:10EB40009480C0F12003042B40F38580059BC0F125
:10EB50001C0003440593069B034405440693059B50
:10EB6000002B05DD51461A46204600F0EFFF824695
:10EB7000069B002B05DD31461A46204600F0E6FFD5
:10EB800006460C9B002B72D03146504601F04AF8E5
:10EB900000286CDA002351460A22204600F0DEFDF0
:10EBA000099B0BF1FF3B8246002B00F0B081002354
:10EBB00039460A22204600F0D1FD019B002B074672
:10EBC00000F39680079B022B59DC91E0109BC3F168
:10EBD000360358E7049B5E1E089BB342BFBF089BE9
:10EBE0000B9A0896F31AB4BFD2189E1B049BBCBFA5
:10EBF0000B920026002BB7BFDDE90423DDE90435C5
:10EC00009D1A002341E7089E059D099F48E7089A41
:10EC100070E7079B012B19DC029BBBB9039BC3F375
:10EC200013039BB9039B23F000431B0D1B0583B10A
:10EC3000059B01330593069B013306934FF00108B2
:10EC40000B9B002B7FF46FAF012074E74FF000089F
:10EC5000F6E79846F4E782D0059A1C331A440592E9
:10EC6000069A1A441D44069279E70346F4E7049B8A
:10EC7000002B37DC079B022B34DD049B0193019BA7
:10EC800063B931460522204600F068FD014606467C
:10EC9000504600F0C7FF00283FF7BBAD0A9B009D20
:10ECA0006FEA030B4FF000083146204600F034FDB8
:10ECB000002F3FF4ABAEB8F1000F05D0B84503D03C
:10ECC0004146204600F028FD3946204600F024FD4C
:10ECD0009CE600263746E1E7BB46374699E500BF8C
:10ECE00000002440099B002B00F0C880049B019386
:10ECF000002D05DD39462A46204600F027FF07464D
:10ED0000B8F1000F5BD07968204600F0C5FC0546DD
:10ED100028B9834B024640F2EF21FFF72EBB3A6938
:10ED20000232920007F10C010C30FFF764FA012265
:10ED30002946204600F00AFF009B01330493DDE9D9
:10ED4000002313440893029B03F00103B846069383
:10ED50000746049B3146013B50460193FFF76AFA90
:10ED60004146029000F13009504600F05BFF3A4600
:10ED700005903146204600F071FFC268054602BB8F
:10ED80000146504600F04EFF0246294620460992B1
:10ED900000F0C2FC079B099A049D43EA0201069B0E
:10EDA000194310D1B9F1390F29D0059B002B02DD91
:10EDB000029B03F13109019B83F8009074E7384608
:10EDC000BAE70122E1E7059B002B04DB07990B431F
:10EDD00006990B4320D1002AEDDD51460122204641
:10EDE00000F0B4FE3146824600F01CFF002803DC30
:10EDF000E1D119F0010FDED0B9F1390FD8D1019A64
:10EE0000392313702B461D46013B15F8012C392A76
:10EE10006CD001321A7047E7002A07DDB9F1390FCB
:10EE2000EDD0019A09F1010313703DE7049B089AA4
:10EE300003F8019C934243D0514600230A22204606
:10EE400000F08CFCB84582464FF000034FF00A02F8
:10EE50004146204607D100F081FC80460746049BCE
:10EE60000133049375E700F079FC394680460023AE
:10EE70000A22204600F072FC0746F0E7049B01934B
:10EE8000009D31465046FFF7D5F900F13009009B4F
:10EE900005F8019BEA1A019B934207DD51460023C6
:10EEA0000A22204600F05AFC8246EAE7019B002B2A
:10EEB000C8BF1D46009BD8BF01251D444FF0000868
:10EEC00051460122204600F041FE3146824600F0C4
:10EED000A9FE002896DC02D119F0010F92D12B4631
:10EEE0001D4613F8012D302AFAD0DDE6009A9A4229
:10EEF00089D10BF1010B312396E70A4BFFF799BA41
:10EF0000219B002B7FF46DAA074BFFF792BA019B60
:10EF1000002BB5DC079B022B3FF7B1AEB0E700BF7B
:10EF20001E11010871100108A210010837B500294F
:10EF300044D051F8043C0190002BA1F10404B8BF67
:10EF4000E418FDF773F91E4A0198136833B963603A
:10EF5000146003B0BDE83040FDF76EB9A34208D994
:10EF6000256861198B4201BF19685B6849192160E6
:10EF7000EDE71A465B680BB1A342FAD91168551840
:10EF8000A5420BD1246821445418A3421160E0D15A
:10EF90001C685B6853600C441460DAE702D90C23E8
:10EFA0000360D6E7256861198B4204BF19685B6866
:10EFB000636004BF491921605460CAE703B030BDE3
:10EFC000A06000200369B3EB611F2DE9F0434FEA15
:10EFD000611200F1140445DD11F01F0104EB8306FA
:10EFE00004EB82050CD100F110072946B14234D35D
:10EFF0009B1A9B00EA1E964238BF0023234415E06B
:10F0000054F82270C1F12008CF4005F1040EA1464A
:10F010007645F44615D89A1A9200043A0135AE4264
:10F0200038BF0022A318A75007B104331A1BA3420C
:10F030004FEAA20208BF0023026108BF4361BDE896
:10F04000F083DCF800C00CFA08FC4CEA070749F82A
:10F05000047B5EF8047BCF40DAE751F804CB47F835
:10F0600004CFC3E72346E1E7A0F13003092B02D820
:10F070002038C0B27047A0F16103052B01D8473892
:10F08000F7E7A0F14103052B01D82738F1E700206D
:10F09000704700002DE9F04F17460A6885B002F16D
:10F0A000020BC2F1FF2202F57F0281468A460293DB
:10F0B000FE3202EB0B03D8461BF8010B01933028FC
:10F0C000F7D0FFF7D1FF0446002838D1A749012225
:10F0D0004046FEF799FF0646002869D198F80100DE
:10F0E0005D46FFF7C1FF002864D05A4610783028EB
:10F0F000904602F10102F9D0FFF7B6FF0123B0FA02
:10F1000080F464095E460193424615460132287830
:10F11000FFF7AAFF0028F8D1944901222846FEF7FC
:10F1200073FF78B946B96E1C32461546013228780D
:10F13000FFF79AFF0028F8D1731B9E0004E000241B
:10F140002646E1E7002EF7D12B7803F0DF03502BA2
:10F150003DD16B782B2B2FD02D2B31D0691C4FF04C
:10F16000000B0878FFF780FF421ED2B2182A2ED873
:10F17000A0F1100211F8010FFFF776FF00F1FF3C3C
:10F180005FFA8CFCBCF1180F1DD9BBF1000F00D049
:10F1900052421644CAF80010DCB1019B002B14BF88
:10F1A0004FF000084FF00608404605B0BDE8F08F6C
:10F1B000454626460124C7E74FF0000BA91CD0E7BF
:10F1C0004FF0010BFAE70A2303FB0200D0E72946C0
:10F1D000E0E7A5EB0803013B2146072B0ADC484684
:10F1E00000F05AFA044640B9614B0246E4216148F6
:10F1F00001F034F901315B10EFE700F1140A00234C
:10F200005A49CDF804A09B46A84542D3019840F83E
:10F2100004BBA0EB0A00801020614FEA401858465A
:10F2200000F02CFB3D68A8EB0000A84259DDA0EBE4
:10F2300005084146204600F0BBFE8346B8B108F100
:10F24000FF33591103F01F025AF821104FF0010B40
:10F250000BFA02F20A420AD05B4506DDA8F1020170
:10F26000204600F0A5FE002838D14FF0020B4146A1
:10F270002046FFF7A7FE4644BB68B34241DA214669
:10F28000484600F049FA0E9A002313604FF0A30895
:10F290008AE715F8012D2E2A14D0202B06D1019BC8
:10F2A00043F804BB4FF0000B01935B4628780393AF
:10F2B000FFF7DAFE039B00F00F0098404BEA000BCB
:10F2C0000433A1E7A845E8D8012228460393FEF7B6
:10F2D0009BFE2649039B0028DFD195E74FF0030BE7
:10F2E000C5E70BDAA5EB000821464246484600F088
:10F2F0002DFCA6EB0806044600F1140A4FF0000BA3
:10F30000BAE77B68B34273DD9E1BB54234DCFB6811
:10F31000022B23D0032B25D0012B15D1B54213D1BD
:10F32000012D0BD1029A7B68136001232361CAF877
:10F3300000300E9B4FF062081C6035E7691E2046C6
:10F3400000F036FE0028EDD12146484600F0E4F9F1
:10F350000E9A002313604FF0500825E70F9B002BF7
:10F36000F2D1DFE70F9B002BDCD1EDE7080F01089E
:10F370001E1101082F11010806F1FF38BBF1000F23
:10F3800033D1B8F1000F04D04146204600F010FE02
:10F3900083464FEA681201235AF8222008F01F081A
:10F3A00003FA08F313423146204618BF4BF0020B14
:10F3B000AD1BFFF707FE7E684FF00208BBF1000FA0
:10F3C0004AD0FB68022B16D0032B18D0012B09D191
:10F3D0001BF0020F06D0DAF800304BEA030B1BF0EB
:10F3E000010F0FD148F0100836E04FF0010BD0E7C5
:10F3F0004FF00108E2E70F9BC3F101030F930F9B4E
:10F40000002BEFD0D4F810B004F114024FEA8B03B4
:10F41000019302EB8B000023944652F8041BB1F1D8
:10F42000FF3F1ED00131CCF80010B8F1020F04F1FB
:10F4300014023DD13B68013BAB420BD16911012362
:10F4400005F01F0503FA05F552F821301D4218BFDB
:10F450004FF0010848F020080E9B1C60029B1E60C4
:10F46000A2E6904242F8043CD6D8A268934517DB46
:10F4700061684846013100F00FF9824618B91B4B0C
:10F4800002468421B3E62269023204F10C019200A3
:10F490000C30FEF7B0FE2146484600F03DF95446D8
:10F4A0002269511C04EB8202216101215161BCE7F8
:10F4B000216959450BDD01212046FFF783FDBB681B
:10F4C0000136B342FFF6DBAE4FF00108C2E715F09C
:10F4D0001F05F9D0019B1A44C5F1200552F8040C10
:10F4E00000F0CCF9A842E6DBEEE700BF1E110108F0
:10F4F000C2F10802920070B5C2F1200643680468A8
:10F5000003FA06F52C43D340046040F8043F8842D8
:10F51000F4D370BD30B50368013311F8014B14B951
:10F520000360012030BD13F8012BA2F14105192D14
:10F5300098BF2032A242F0D00020F3E72DE9F04F2F
:10F540000B6801685E1102EB860613F01F0387B09B
:10F5500018BF04360025371F82469046019346F8AF
:10F56000045CB9463C460295AB464A784B1C039373
:10F5700042B3104605910492FFF776FD00284FD163
:10F58000049A0599202A18D8029B9B4513DD4C4507
:10F5900006D2072D04DC2A4649462046FFF7A8FF7D
:10F5A000444550D90023A4F1040944F8043CCDF8A3
:10F5B00008B04C461D460399D7E7292A55D1023198
:10F5C000CAF80010BBF1000F4FD04C4506D2072DF2
:10F5D00004DC2A4649462046FFF78AFF444534D9D1
:10F5E000A8F10402234653F8041B42F8041F9F426B
:10F5F000F9D23B1B23F003030433033E0134A6423C
:10F6000038BF04234344002243F8042B9F42FBD21B
:10F610003B681BB9474526D101233B60052025E007
:10F620000135082D0BF1010B06DD4445C3D900233C
:10F6300044F8043C0125043C226800F00F0040EA35
:10F6400002102060B7E70825B5E7019B002BDFD04B
:10F65000C3F120034FF0FF32DA4056F8043C134068
:10F6600046F8043CD4E7043FD2E7042007B0BDE8E5
:10F67000F08F82B001B901A942B14BB113780B6090
:10F680001278101E18BF012002B070471046FBE729
:10F690006FF00100F8E7000070B5C66904460D463A
:10F6A00076B91020FCF71AFD0246E06120B9184B2C
:10F6B00018486B2100F0D2FEC0E901660660C66002
:10F6C000E669F36883B1E369DB6853F82500B8B9EC
:10F6D000012101FA05F6721D9200204600F0DCFEC1
:10F6E00060B1C0E901560EE021220421204600F05D
:10F6F000D3FEE369F060DB68002BE4D1002070BD2D
:10F70000026843F825200023C0E90333F7E700BF70
:10F71000AF1001088F11010870B5C66905460C4687
:10F7200076B91020FCF7DAFC0246E86120B9094BF3
:10F7300009488F2100F092FEC0E901660660C660AC
:10F740003CB1EB696268DB6853F82210216043F832
:10F75000224070BDAF1001088F1101082DE9F04162
:10F760000D6907460C461E4601F1140C0020DCF81A
:10F77000003099B202FB01611E0C0B0C02FB063338
:10F7800089B2013001EB034185424CF8041B4FEA7A
:10F790001346ECDC0EB3A368AB4219DC6168384653
:10F7A0000131FFF779FF804628B902460C4B0D481E
:10F7B000BA2100F053FE2269023204F10C019200DA
:10F7C0000C30FEF718FD21463846FFF7A5FF4446EA
:10F7D00004EB850301355E6125612046BDE8F081BB
:10F7E0001E1101088F1101082DE9F8430C4615463A
:10F7F0001F4609220833064693FBF2F3002101223B
:10F800009A4209DB3046FFF747FF40B90246194BE1
:10F810001948D32100F022FE52000131F0E7089B85
:10F820004361092D4FF00103036116DD04F109095D
:10F83000C8462C4418F8013B0146303B0A223046AA
:10F84000FFF78CFFA045F5D1A5F108044C442D1B12
:10F850006319BB4204DBBDE8F8830A340925F6E7E7
:10F8600014F8013B0146303B0A223046FFF776FF91
:10F87000EEE700BF1E1101088F110108030C1B04E5
:10F88000D3B90004102310F07F4F04BF00020833E7
:10F8900010F0704F04BF0001043310F0404F04BF5C
:10F8A00080000233002805DB10F0804F03F10103D4
:10F8B00008BF2023184670470023E4E7036813F0CD
:10F8C00007020CD0D90722D49A0749BF5B089B08CE
:10F8D000036001225CBF036002221046704799B2A8
:10F8E00009B91B0C1022D9B209B908321B0A190731
:10F8F00004BF1B090432990704BF9B080232D907D1
:10F9000003D45B0802F1010203D00360E5E70022A3
:10F91000E3E72022E1E7000010B50C460121FFF7E4
:10F92000BBFE024628B9054B054840F2451100F0E0
:10F9300095FD01234461036110BD00BF1E11010844
:10F940008F1101082DE9F04F91460A69D9F810305E
:10F950009A42B8BF0B460C46BCBF4C469946276935
:10F96000D9F810A0A368616807EB0A06B34285B016
:10F97000B8BF0131FFF790FE30B90246444B45480D
:10F980004FF4B17100F06AFD00F1140505EB860833
:10F990002B460022434521D304F1140303EB8707D0
:10F9A00009F1140303EB8A0202923A1B153A22F082
:10F9B0000302043204F115018F4238BF0422019280
:10F9C000029A03939A420CD8002E03DD58F8043DA6
:10F9D000002B5BD0066105B0BDE8F08F43F8042B27
:10F9E000D8E7B3F800A0BAF1000F24D004F1140E48
:10F9F000A9464FF0000C5EF8042BD9F800101FFA4E
:10FA000082FB89B20AFB0B114FEA124BD9F8002096
:10FA100061444FEA124C0AFB0BC202EB114289B25D
:10FA200041EA0241774549F8041B4FEA124CE2D8FB
:10FA3000019A45F802C0039AB2F802900433B9F172
:10FA4000000F21D0296804F1140CAE464FF0000AD3
:10FA5000BCF800B0BEF8022009FB0B22524489B268
:10FA600041EA02414EF8041B5CF8041B4FEA114ABC
:10FA7000BEF8001009FB0A1101EB124167454FEA7D
:10FA8000114AE5D8019AA950043599E7013E9BE750
:10FA90001E1101088F1101082DE9F843154612F0D7
:10FAA000030206460F4607D0254C013A002354F8BE
:10FAB0002220FFF753FE0746AD103DD0F4697CB914
:10FAC0001020FCF70BFB0246F06128B91D4B1E48C5
:10FAD00040F2B31100F0C2FCC0E901440460C4600C
:10FAE000D6F81C80D8F808404CB940F27121304655
:10FAF000FFF712FF0023C8F80800044603604FF028
:10FB00000009EB070AD5394622463046FFF71AFFAF
:10FB1000394680463046FFF7FFFD47466D100BD053
:10FB2000206838B9224621463046FFF70BFF206097
:10FB3000C0F800900446E4E73846BDE8F88300BF0B
:10FB4000D8120108AF1001088F1101082DE9F04704
:10FB50000C464968236903EB6218A368074691467F
:10FB60004FEA621A08F10106B3420BDB3846FFF791
:10FB700093FD054648B90246284B29484FF4EF71DA
:10FB800000F06CFC01315B00EEE7002300F1140192
:10FB900000F110021846534533DB20692AEAEA7A5D
:10FBA00004F1140319F01F0901EB8A0103EB800C27
:10FBB0002BD0C9F1200E8A460022186800FA09F0FD
:10FBC00010434AF8040B53F8042B9C4522FA0EF21A
:10FBD000F3D8ACEB0403153B23F00303043304F127
:10FBE0001500844538BF0423CA500AB108F1020643
:10FBF000013E38462E612146FFF78EFD2846BDE8BE
:10FC0000F08742F8040F0133C5E7043953F8042B99
:10FC100041F8042F9C45F9D8EAE700BF1E110108FE
:10FC20008F11010830B502690C69121B0ED100F169
:10FC30001403143103EB840001EB840150F8045DDC
:10FC400051F8044DA54203D005D30122104630BD22
:10FC50008342F3D3FAE74FF0FF32F7E72DE9F84F8D
:10FC60000C460646114620469046FFF7DBFF051E70
:10FC700010D129463046FFF70FFD30B93A4B024606
:10FC800040F23721394800F0E9FB0123C0E904358F
:10FC9000BDE8F88FA4BF4346A0463046D8F804100C
:10FCA000A6BF1C4600250125FFF7F6FC20B92E4B08
:10FCB000024640F24521E5E7D8F810702669C56094
:10FCC00004F1140908F1140500F1140E05EB870C7A
:10FCD00009EB860608F11002F246002159F8043BB0
:10FCE00052F804BF11FA8BF899B21B0CA8EB01086B
:10FCF000C3EB1B4303EB28431FFA88F819144E4546
:10FD000048EA03434AF8043BE8D8331B153B23F089
:10FD1000030304331534A64238BF04231D4473443F
:10FD20009E462E4666450ED30CF10302521B22F06E
:10FD30000302033DAC4538BF0022134453F8042DA1
:10FD40007AB10761A4E756F8048B11FA88F214140B
:10FD500004EB184492B242EA04424EF8042B2114F8
:10FD6000E0E7013FEAE700BF1E1101088F1101081B
:10FD700082B08DED000B019A0F4B1340A3F150732D
:10FD8000002B08DC5B42B3F1A07F4FEA235204DA78
:10FD90004FF400231341002208E0A2F114031E2BAC
:10FDA000DABF4FF00042DA40012200231946104624
:10FDB00041EC100B02B070470000F07F2DE9F041DC
:10FDC000066900F1140808EB8606371F56F8042C64
:10FDD0001046FFF753FDC0F120030A280B601B49B2
:10FDE00015DCC0F10B0C22FA0CF3B84543EA01050F
:10FDF00034BF56F8083C0023153002FA00F023FA0D
:10FE00000CF303431C4645EC104BBDE8F081B845AC
:10FE10003ABF56F8083CA6F1080700230B3812D069
:10FE2000C0F1200123FA01F482402243474542F009
:10FE30007F558CBF57F8042C00228340CA4045F4FC
:10FE400040151343DEE742EA0105DBE70000F03F1F
:10FE50002DE9F7430F46012159EC108B1646FFF7A9
:10FE60001BFC044630B90246244B254840F20F31B2
:10FE700000F0F4FAC9F30A55C9F313032DBB01933B
:10FE8000B8F1000326D068460093FFF717FDDDE9BF
:10FE90000012E8B1C0F1200302FA03F30B43C240A1
:10FEA00063610192019BA361002B14BF0222012216
:10FEB0002261BDB1A5F2334505443D60C0F1350076
:10FEC0003060204603B0BDE8F08343F48013D6E7EA
:10FED0006161E7E701A8FFF7F1FC019B6361203056
:10FEE0000122E5E704EB8203A0F232403860186992
:10FEF000FFF7C4FCC0EB4210E2E700BF1E1101088F
:10FF00008F1101082DE9F74F884669468146FFF7B2
:10FF100055FF01A9404655EC104BFFF74FFFD9F8AC
:10FF20001030D8F81020A3EB020CDDE900329B1A48
:10FF300003EB4C1351EC100B002BD6BF0A462A469C
:10FF4000C3EB03338B462F46D4BF02EB035B02EBBC
:10FF50000357204610EE102A5B463946F0F77EFC28
:10FF600041EC100B03B0BDE8F08F013970B54911B9
:10FF70001469013102F1140300EB810103EB8404E5
:10FF8000051FA3420CD3A31A113B23F00303113224
:10FF9000A24288BF002318440023884205D370BDC5
:10FFA00053F8046B45F8046FEBE740F8043BF4E7C3
:10FFB00000F1140200694B11984210B511DB0ADD03
:10FFC00011F01F0107D052F8234024FA01F000FA83
:10FFD00001F18C420BD102EB8303934203D8002042
:10FFE00010BD0346F7E753F8041D0029F5D00120A2
:10FFF000F6E751F8043C181F002BBCBF0B58C01883
:020000040801F1
:10000000704749B1FF2A85BF8A2303600A704FF009
:10001000FF3098BF01207047084670472DE9F04730
:100020008E681F46BE420B6882460C4690462CD80E
:100030008A8912F4906F26D06569096905EB450538
:10004000A3EB010905EBD5757B1C4B446D109D425C
:1000500038BF1D46530527D52946FCF767F80646E5
:1000600060B321694A46FEF7C6F8A38923F490637A
:1000700043F08003A381266165614E44A5EB090529
:100080002660A5603E46BE4200D93E462068324604
:10009000414600F0C9F9A3689B1BA3602368334461
:1000A00023600020BDE8F0872A46FCF7CBF806461F
:1000B0000028E0D121695046FEF738FF0C23CAF82A
:1000C0000030A38943F04003A3814FF0FF30E9E7FC
:1000D0002DE9F04F98468B891B069DB007460D46CB
:1000E00014460ED50B6963B94021FCF71FF8286050
:1000F000286120B90C233B604FF0FF30D0E0402353
:100100006B610023099320238DF82930CDF80C80F2
:100110003023DFF8A4818DF82A304FF001092346FF
:100120009A4613F8012B0AB1252AF9D1BAEB040B30
:100130000BD05B46224629463846FFF76FFF013059
:1001400000F0A980099A5A4409929AF80030002BCD
:1001500000F0A18000234FF0FF32CDE905230AF122
:10016000010A049307938DF853301A9354460522DD
:1001700014F8011B5048F0F733F8049AD8B9D006A8
:1001800044BF20238DF85330110744BF2B238DF833
:1001900053309AF800302A2B15D0079A5446002085
:1001A0004FF00A0C214611F8013B303B092B4DD989
:1001B000B0B1079214E0A0EB080309FA03F313436C
:1001C0000493A246D2E7039B191D1B680391002BE1
:1001D000BBBF5B4242F0020207930793B8BF049291
:1001E00023782E2B0CD163782A2B34D1039B1A1D34
:1001F0001B680392002BB8BF4FF0FF330234059306
:10020000DFF8C4A0217803225046EFF7E9FF38B1A8
:10021000049BA0EB0A004022824013430134049364
:1002200014F8011B25488DF828100622EFF7D8FF97
:10023000002838D0224B1BBB039B073323F0070356
:1002400008330393099B3344099368E70CFB02329C
:100250000C460120A6E700230134059319464FF010
:100260000A0C204610F8012B303A092A03D9002B3A
:10027000C6D00591C4E70CFB012104460123F0E739
:1002800003AB00932A460F4B04A93846FCF74CFFFA
:10029000421C0646D6D1AB895B063FF52DAF0998C7
:1002A0001DB0BDE8F08F03AB00932A46054B04A9AF
:1002B0003846FDF7DDF9EBE7E4120108EE1201081C
:1002C00029D100081D000108EA1201088A892DE9D8
:1002D000F041054610070C4658D44B68002B05DC4E
:1002E0000B6C002B02DC0020BDE8F081E66A002EDA
:1002F000F9D0002312F480522F68216A2B6032D08B
:10030000606DA3895A0705D56368C01A636B0BB18A
:10031000236CC01A00230246E66A216A2846B047C9
:10032000431CA38906D129681D292BD8294A0A41D3
:10033000D60727D400226260D9042269226004D53E
:10034000421C01D12B6803B96065616B2F600029E5
:10035000C9D004F14403994202D02846FEF7E6FDD5
:1003600000206063C0E701232846B047411CC8D184
:100370002B68002BC5D01D2B01D0162B01D12F606F
:10038000B1E7A38943F04003A381ADE70F69002FD4
:10039000A9D093070E6808BF4B690F6018BF0023F0
:1003A000A6EB07088B60B8F1000F9CDD216AA66AF6
:1003B00043463A462846B047002806DCA38943F066
:1003C0004003A3814FF0FF308EE70744A8EB0008FD
:1003D000E9E700BFFEFFBFDF38B50B6905460C46F5
:1003E00013B90025284638BD18B1036A0BB9FDF7CB
:1003F000FDFCB4F90C30002BF3D0626ED00704D4AE
:10040000990502D4A06DFDF7ECFE28462146FFF7C2
:100410005DFF636EDA070546E4D4A3899B05E1D44A
:10042000A06DFDF7DFFEDDE7884210B501EB0204A9
:1004300002D98442234607D8431EA14208D011F8AE
:10044000012B03F8012FF8E7024401468A4200D14C
:1004500010BD13F8014D02F8014DF7E71FB5144622
:100460001A46094B1B680546D8684CB1074B0091EA
:10047000CDE9013406492B4600F024F800F034F8A9
:10048000044B1C46F3E700BFFC010020F5120108F5
:10049000021301083013010837B5A1FB02244CB93F
:1004A00011460192FBF742FE019A054630B92846F3
:1004B00003B030BD0C2202600025F8E72146FDF7AD
:1004C0009BFDF4E70EB403B5014603AB054853F8B2
:1004D000042B0068019300F037F802B05DF804EBDC
:1004E00003B07047FC01002008B5062000F004FAB4
:1004F0000120F2F77FF89368013B002B10B4936062
:1005000008DA9469A34201DB0A2903D15DF8044BA0
:1005100000F034B91368581C1060197008465DF873
:10052000044B7047F8B506460F461446D518AC4242
:1005300001D1002007E014F8011B3A463046FFF7CE
:10054000DAFF431CF3D1F8BD2DE9F04F0D469DB005
:1005500014469846064618B1036A0BB9FDF746FCE7
:100560006B6ED90705D4AB899A0502D4A86DFDF747
:1005700038FEAB891B0701D52B699BB9294630464C
:1005800000F03AF970B16B6EDC0704D54FF0FF3024
:100590001DB0BDE8F08FAB899805F7D4A86DFDF7C5
:1005A00021FEF3E70023099320238DF82930CDF8AD
:1005B0000C803023DFF8B0818DF82A304FF001092C
:1005C00023469A4613F8012B0AB1252AF9D1BAEB32
:1005D000040B0BD05B46224629463046FFF7A2FFAC
:1005E000013000F0A980099A5A4409929AF8003023
:1005F000002B00F0A18000234FF0FF32CDE905234E
:100600000AF1010A049307938DF853301A93544664
:10061000052214F8011B5448EFF7E2FD049AD8B9FB
:10062000D10644BF20238DF85330130744BF2B233A
:100630008DF853309AF800302A2B15D0079A54467B
:1006400000204FF00A0C214611F8013B303B092BEA
:100650004DD9B0B1079214E0A0EB080309FA03F3F7
:1006600013430493A246D2E7039B191D1B68039111
:10067000002BBBBF5B4242F0020207930793B8BF57
:10068000049223782E2B0CD163782A2B34D1039B30
:100690001A1D1B680392002BB8BF4FF0FF330234C2
:1006A0000593DFF8D4A0217803225046EFF798FD98
:1006B00038B1049BA0EB0A0040228240134301346E
:1006C000049314F8011B29488DF828100622EFF72F
:1006D00087FD00283FD0264B1BBB039B073323F02D
:1006E000070308330393099B3B44099368E70CFB1A
:1006F00002320C460120A6E7002301340593194677
:100700004FF00A0C204610F8012B303A092A03D981
:10071000002BC6D00591C4E70CFB01210446012340
:10072000F0E703AB00932A46124B04A93046FCF7CE
:10073000FBFC0746781CD6D16B6ED90705D4AB8974
:100740009A0502D4A86DFDF74DFDAB895B063FF518
:100750001DAF09981CE703AB00932A46054B04A97B
:100760003046FCF785FFE4E7E4120108EE120108C9
:1007700029D1000825050108EA120108F8B50E463E
:100780001446054618B1036A0BB9FDF72FFBA369A0
:10079000A360A3891A0725D523691BB3236822699F
:1007A000981A6369F6B28342374604DC214628462C
:1007B000FFF712FEE0B9A368013BA36023685A1C4F
:1007C00022601E706269431C9A4204D0A389DB0731
:1007D00006D50A2E04D121462846FFF7FDFD38B97B
:1007E0003846F8BD2146284600F006F80028D5D046
:1007F0004FF0FF37F4E7000038B52A4B054618687C
:100800000C4618B1036A0BB9FDF7F0FAA389B4F9E5
:100810000C20180722D4D90607D409232B6042F0F4
:100820004003A3814FF0FF3034E0580712D5616BCD
:1008300041B104F14403994202D02846FEF776FB09
:1008400000236363A38923F02403A381002363604F
:1008500023692360A38943F00803A38123694BB96B
:10086000A38903F42073B3F5007F03D02146284603
:1008700000F084F8A089B4F90C2010F001030AD02C
:100880000023A36063695B42A361236943B910F04D
:100890008000C4D138BD810758BF6369A360F4E705
:1008A0000020F7E7FC0100201F2938B504460D465B
:1008B00004D9162303604FF0FF3038BDC26B12B16C
:1008C00052F821304BB9204600F030F82A46014654
:1008D0002046BDE8384000F017B8012B0AD0591C5B
:1008E00003D1162303600120E7E7002442F82540E6
:1008F000284698470020E0E7024B01461868FFF7BA
:10090000D3BF00BFFC01002038B5074D00230446CB
:10091000084611462B60F1F75DFE431C02D12B689F
:1009200003B1236038BD00BFE4610020F1F74ABE87
:1009300070B50C46B1F90E10002996B015461E464A
:100940000DDAA38913F0800F4FF000010CBF4FF4B4
:1009500080634023002031602B6016B070BD6A4672
:1009600000F048F80028ECDB019901F47041A1F592
:100970000053594259414FF48063EBE78B8973B5BB
:100980009D0706460C4607D504F147032360236103
:100990000123636102B070BD01AB6A46FFF7C8FF77
:1009A000009905463046FBF7C1FB48B9B4F90C3055
:1009B0009A05EFD423F0030343F00203A381E3E796
:1009C000A389206043F08003A381009B6361019BA6
:1009D00020615BB1B4F90E10304600F01DF828B16B
:1009E000A38923F0030343F00103A381A3891D43DB
:1009F000A581CFE738B5074D0023044608461146C8
:100A00002B60F1F746FE431C02D12B6803B1236033
:100A100038BD00BFE461002038B5064D0023044610
:100A200008462B60F1F745FE431C02D12B6803B149
:100A3000236038BDE461002038B52DED028B55EC04
:100A4000104B00F025F822462B4620462946B0EEF2
:100A5000408AF0EE608AF0F771F890B90022002326
:100A600020462946F0F742F858B1FDF78FFB2123C5
:100A700003600022002310461946EFF7EFFE41EC19
:100A8000180BB0EE480AF0EE680ABDEC028B38BDD8
:100A90002DE9F84F55EC104B674EAE4310EE100A9F
:100AA00010EE102A29462B460DD1EFF7ADFD024678
:100AB0000B4620462946EFF7F1FB04460D4645EC70
:100AC000104BBDE8F88F002D0BDC25F000462643C7
:100AD000F5D035B1EFF7E0FB02460B46EFF7BEFE6F
:100AE000EBE7091500F08D80C3F31303A1F2FF3685
:100AF00043F48013C9075CBF5B0003EBD2734FEA7A
:100B0000430358BF5200002503EBD2737610520006
:100B10004FF0160EAC464FF400110CEB010098425A
:100B2000DEBF1B1A00EB010C6D185B00BEF1010E5D
:100B300003EBD2734FEA51014FEA4202EDD1744602
:100B400020274FF00041634501EB0E0002DC13D17A
:100B5000904211D8002800EB010E57DABEF1000FC9
:100B600054DB0CF10108A3EB0C03904288BF03F1A6
:100B7000FF33121A0C44C4465B00013F03EBD273EF
:100B80004FEA51014FEA4202DDD113431BD0DFF897
:100B9000ACA0DFF8ACB0DAE90001DBE90023EFF745
:100BA0007BFBDAE9008902460B4640464946EFF7EF
:100BB000A7FF40B1B4F1FF3FDAE90001DBE9002310
:100BC00026D101353C466A106308E90702F17F52DD
:100BD00002F5001248BF43F0004302EB06551C46E5
:100BE0006DE7D30A15385205002BFAD0DC020AD57E
:100BF000C1F1200422FA04F44D1E8A402343411B14
:100C000072E70846F0E75B000131EFE7E046AAE74C
:100C1000EFF744FBDAE9008902460B4640464946B5
:100C2000EFF764FF20B1A01C08BF01350234CAE70A
:100C3000013424F00104C6E70000F07F0002002028
:100C400008020020F8B500BFF8BC08BC9E467047FB
:0C0C5000F8B500BFF8BC08BC9E46704719
:100C60007B277761726E696E675F6C6576656C274E
:100C70003A25642C277370656564273A25642C2017
:100C80002764697374616E6365273A25662C276152
:100C9000636378273A25667D0000000046435700CD
:100CA0007B274158273A272566272C274159273A81
:100CB000272566272C27415A273A272566272C27E0
:100CC0004758273A272566272C274759273A2725AB
:100CD00066272C27475A273A272566277D000000DC
:100CE0004D50550064656661756C745461736B009A
:100CF0004D50555461736B30320000005261735493
:100D000061736B30330000004D6F765461736B304C
:100D1000340000004C696461725461736B303500BB
:100D20005261735F54785F517565756530310000AD
:100D30004D50555F53656D6170686F7265000000BE
:100D40005261735F54785F53656D6170686F72654F
:100D5000000000004D4F565F53656D6170686F7203
:100D6000650000004C696461725F53656D61706875
:100D70006F7265004D6F737461666120416C69200C
:100D80004B6E6F776E2061732033656564000000E1
:100D90007B2774696D6573273A272564277D0000DA
:100DA0007261730049444C4500000000546D72208C
:100DB00053766300546D7251000000007B2266720E
:100DC0006F6D223A20222573222C202264617461E7
:100DD000223A20222573227D0A000000E40C01083B
:100DE0000000000000000000000000000000000003
:100DF00000020000180000000000000000000000D9
:100E0000F00C0108000000000000000000000000DD
:100E100000000000000800002800000000000000A2
:100E200000000000FC0C01080000000000000000B1
:100E30000000000000000000000800002800000082
:100E40000000000000000000080D01080000000084
:100E5000000000000000000000000000000400008E
:100E6000080000000000000000000000140D010850
:100E70000000000000000000000000000000000072
:100E80000008000027000000000000000000000033
:100E9000200D01080000000000000000000000001C
:100EA0000000000000000000300D010800000000FC
:100EB0000000000000000000400D010800000000DC
:100EC0000000000000000000540D010800000000B8
:100ED0000000000000000000640D01080000000098
:100EE0000000000000000000000000000000000002
:100EF00001020304060708090000000001020304C0
:100F000000061016000610162E0000003500000026
:100F1000CEFBFFFFCB03000001000000000000003B
:100F200034000000CEFBFFFFCB03000001000000F7
:100F30000000000000000000BC89D897B2D29C3CA1
:100F400033A7A8D523F649393DA7F444FD0FA532B0
:100F50009D978CCF08BA5B25436FAC642806681157
:100F60000020202020202020202028282828282079
:100F70002020202020202020202020202020202071
:100F800020881010101010101010101010101010D9
:100F900010040404040404040404041010101010C9
:100FA0001010414141414141010101010101010193
:100FB00001010101010101010101010110101010E5
:100FC0001010424242424242020202020202020265
:100FD00002020202020202020202020210101010B9
:100FE00020000000000000000000000000000000E1
:100FF00000000000000000000000000000000000F1
:1010000000000000000000000000000000000000E0
:1010100000000000000000000000000000000000D0
:1010200000000000000000000000000000000000C0
:1010300000000000000000000000000000000000B0
:1010400000000000000000000000000000000000A0
:101050000000000000000000000000000000000090
:1010600000494E4600696E66004E414E006E616E4C
:10107000003000303132333435363738394142436D
:1010800044454600303132333435363738396162C1
:10109000636465660065256C64004300504F5349E6
:1010A0005800496E66696E697479004E614E00524F
:1010B00045454E54206D616C6C6F6320737563639E
:1010C0006565646564002F6275696C642F676E7571
:1010D0002D746F6F6C732D666F722D73746D333258
:1010E0005F31312E332E72656C312E323032333017
:1010F0003931322D313630302F7372632F6E657770
:101100006C69622F6E65776C69622F6C6962632F00
:101110007374646C69622F64746F612E6300426142
:101120006C6C6F6320737563636565646564002F21
:101130006275696C642F676E752D746F6F6C732D9B
:10114000666F722D73746D33325F31312E332E72B0
:10115000656C312E32303233303931322D31363008
:10116000302F7372632F6E65776C69622F6E6577AF
:101170006C69622F6C6962632F7374646C69622F8F
:101180006764746F612D6765746865782E63002FDE
:101190006275696C642F676E752D746F6F6C732D3B
:1011A000666F722D73746D33325F31312E332E7250
:1011B000656C312E32303233303931322D313630A8
:1011C000302F7372632F6E65776C69622F6E65774F
:1011D0006C69622F6C6962632F7374646C69622F2F
:1011E0006D707265632E63000080E03779C3414300
:1011F000176E05B5B5B89346F5F93FE9034F384D7D
:10120000321D30F94877825A3CBF737FDD4F157528
:10121000000000000000F03F00000000000024403B
:1012200000000000000059400000000000408F4016
:10123000000000000088C34000000000006AF84081
:101240000000000080842E4100000000D0126341A5
:101250000000000084D797410000000065CDCD411B
:10126000000000205FA00242000000E876483742FC
:10127000000000A2941A6D42000040E59C30A2429A
:101280000000901EC4BCD64200003426F56B0C430F
:101290000080E03779C3414300A0D88557347643B6
:1012A00000C84E676DC1AB43003D9160E458E14317
:1012B000408CB5781DAF154450EFE2D6E41A4B448C
:1012C00092D54D06CFF08044F64AE1C7022DB544D1
:1012D000B49DD9794378EA44050000001900000064
:1012E0007D000000232D302B2000686C4C006566CB
:1012F00067454647002C2066756E6374696F6E3AC9
:101300002000617373657274696F6E2022257322E9
:10131000206661696C65643A2066696C65202225E7
:1013200073222C206C696E65202564257325730A51
:0413300000000000B9
:0813340000FAFE7F0100000039
:04133C00C5010008DF
:04134000A1010008FF
:1013440084060020000000000000000000000000EF
:1013540000000000000000000000000064060020FF
:1013640074060020D40500200024F40010000000BE
:1013740001000000AAAAAAAA0000000003000000BD
:10138400A8600020430000000000000000000000EE
:101394000000000000000000000000000000000049
:1013A40000000000430000000000000000000000F6
:1013B4000000000000000000000000000000000029
:1013C40000000000430000000000000000000000D6
:1013D4000000000000000000000000000000000009
:1013E40000000000430000000000000000000000B6
:1013F40000000000000000000000000000000000E9
:101404000000000043000000000000000000000095
:1014140000000000000000000000000000000000C8
:101424000000000043000000000000000000000075
:1014340000000000000000000000000000000000A8
:101444000000000043000000000000000000000055
:101454000000000000000000000000000000000088
:10146400000000000300010873F6000800000000FB
:10147400600F0108080F0108301301083013010838
:101484003013010830130108301301083013010828
:10149400301301083013010830130108FFFFFFFF68
:1014A400FFFFFFFFFFFFFFFFFFFF000001004153AD
:1014B4004349490000000000000000000000000053
:1014C4000000000000000000000000000000415384
:1014D4004349490000000000000000000000000033
:1014E40000000000000000000000000000000000F8
:1014F40000000000A8600020106100207861002036
:1015040000000000000000000000000000000000D7
:1015140000000000000000000000000000000000C7
:1015240000000000000000000000000000000000B7
:10153400000000000000000000000000B0010020D6
:10154400000000000000F03F59F3F8C21F6EA5012F
:040000050800277553
:00000001FF
